case_type,group,variant_type,query,ground_truth,prediction,match_type,top1_ok,top3_ok,latency,false_positive
known,China,exact_full,大明洪武年製,大明洪武年製,大明洪武年製,exact,True,True,0.320853,
known,China,short_mark,洪武年製,大明洪武年製,大明洪武年製,exact,True,True,0.233155,
known,China,drop_last_char,大明洪武年,大明洪武年製,大明洪武年製,substring,True,True,0.262088,
known,China,drop_first_char,明洪武年製,大明洪武年製,大明洪武年製,substring,True,True,0.259429,
known,China,wrong_order_pair,明大洪武年製,大明洪武年製,大明洪武年製,substring,True,True,0.41337,
known,China,exact_full,大明建文年製,大明建文年製,大明建文年製,exact,True,True,0.320912,
known,China,short_mark,建文年製,大明建文年製,大明建文年製,exact,True,True,0.22326,
known,China,drop_last_char,大明建文年,大明建文年製,大明建文年製,substring,True,True,0.293061,
known,China,drop_first_char,明建文年製,大明建文年製,大明建文年製,substring,True,True,0.280023,
known,China,wrong_order_pair,明大建文年製,大明建文年製,大明建文年製,substring,True,True,0.296422,
known,China,exact_full,大明永樂年製,大明永樂年製,大明永樂年製,exact,True,True,0.295371,
known,China,short_mark,永樂年製,大明永樂年製,大明永樂年製,exact,True,True,0.207323,
known,China,drop_last_char,大明永樂年,大明永樂年製,大明永樂年製,substring,True,True,0.263557,
known,China,drop_first_char,明永樂年製,大明永樂年製,大明永樂年製,substring,True,True,0.250068,
known,China,wrong_order_pair,明大永樂年製,大明永樂年製,大明永樂年製,substring,True,True,0.294978,
known,China,exact_full,大明洪熙年製,大明洪熙年製,大明洪熙年製,exact,True,True,0.2998,
known,China,short_mark,洪熙年製,大明洪熙年製,大明洪熙年製,exact,True,True,0.220337,
known,China,drop_last_char,大明洪熙年,大明洪熙年製,大明洪熙年製,substring,True,True,0.268359,
known,China,drop_first_char,明洪熙年製,大明洪熙年製,大明洪熙年製,substring,True,True,0.25678,
known,China,single_confusion,大明洪照年製,大明洪熙年製,大明,substring,False,True,0.300773,
known,China,wrong_order_pair,明大洪熙年製,大明洪熙年製,大明洪熙年製,substring,True,True,0.305616,
known,China,exact_full,大明宣德年製,大明宣德年製,大明宣德年製,exact,True,True,0.303015,
known,China,short_mark,宣德年製,大明宣德年製,大明宣德年製,exact,True,True,0.206058,
known,China,drop_last_char,大明宣德年,大明宣德年製,大明宣德年製,substring,True,True,0.275257,
known,China,drop_first_char,明宣德年製,大明宣德年製,大明宣德年製,substring,True,True,0.278813,
known,China,single_confusion,大明宜德年製,大明宣德年製,大明,substring,False,True,0.300853,
known,China,wrong_order_pair,明大宣德年製,大明宣德年製,大明宣德年製,substring,True,True,0.301539,
known,China,exact_full,大明正統年製,大明正統年製,大明正統年製,exact,True,True,0.289758,
known,China,short_mark,正統年製,大明正統年製,大明正統年製,exact,True,True,0.2273,
known,China,drop_last_char,大明正統年,大明正統年製,大明正統年製,substring,True,True,0.269815,
known,China,drop_first_char,明正統年製,大明正統年製,大明正統年製,substring,True,True,0.268979,
known,China,single_confusion,大明王統年製,大明正統年製,大明,substring,False,True,0.368205,
known,China,wrong_order_pair,明大正統年製,大明正統年製,大明正統年製,substring,True,True,0.31068,
known,China,exact_full,大明景泰年製,大明景泰年製,大明景泰年製,exact,True,True,0.345759,
known,China,short_mark,景泰年製,大明景泰年製,大明景泰年製,exact,True,True,0.29699,
known,China,drop_last_char,大明景泰年,大明景泰年製,大明景泰年製,substring,True,True,0.257741,
known,China,drop_first_char,明景泰年製,大明景泰年製,大明景泰年製,substring,True,True,0.250917,
known,China,wrong_order_pair,明大景泰年製,大明景泰年製,大明景泰年製,substring,True,True,0.305522,
known,China,exact_full,大明天順年製,大明天順年製,大明天順年製,exact,True,True,0.33956,
known,China,short_mark,天順年製,大明天順年製,大明天順年製,exact,True,True,0.213377,
known,China,drop_last_char,大明天順年,大明天順年製,大明天順年製,substring,True,True,0.263136,
known,China,drop_first_char,明天順年製,大明天順年製,大明天順年製,substring,True,True,0.25646,
known,China,wrong_order_pair,明大天順年製,大明天順年製,大明天順年製,substring,True,True,0.311514,
known,Korea,exact_full,大明成化年製,大明成化年製,大明成化年製,exact,True,True,0.322055,
known,Korea,short_mark,成化年製,大明成化年製,大明成化年製,exact,True,True,0.225884,
known,Korea,drop_last_char,大明成化年,大明成化年製,大明成化年製,substring,True,True,0.415446,
known,Korea,drop_first_char,明成化年製,大明成化年製,大明成化年製,substring,True,True,0.271234,
known,Korea,single_confusion,大明咸化年製,大明成化年製,大明,substring,False,True,0.308584,
known,Korea,wrong_order_pair,明大成化年製,大明成化年製,大明成化年製,substring,True,True,0.373185,
known,China,exact_full,大明弘治年製,大明弘治年製,大明弘治年製,exact,True,True,0.326686,
known,China,short_mark,弘治年製,大明弘治年製,大明弘治年製,exact,True,True,0.222297,
known,China,drop_last_char,大明弘治年,大明弘治年製,大明弘治年製,substring,True,True,0.277035,
known,China,drop_first_char,明弘治年製,大明弘治年製,大明弘治年製,substring,True,True,0.306857,
known,China,single_confusion,大明弓治年製,大明弘治年製,大明,substring,False,True,0.311423,
known,China,wrong_order_pair,明大弘治年製,大明弘治年製,大明弘治年製,substring,True,True,0.31067,
known,China,exact_full,大明正德年製,大明正德年製,大明正德年製,exact,True,True,0.305039,
known,China,short_mark,正德年製,大明正德年製,大明正德年製,exact,True,True,0.209462,
known,China,drop_last_char,大明正德年,大明正德年製,大明正德年製,substring,True,True,0.271732,
known,China,drop_first_char,明正德年製,大明正德年製,大明正德年製,substring,True,True,0.270704,
known,China,single_confusion,大明王德年製,大明正德年製,大明,substring,False,True,0.310806,
known,China,wrong_order_pair,明大正德年製,大明正德年製,大明正德年製,substring,True,True,0.316727,
known,China,exact_full,大明嘉靖年製,大明嘉靖年製,大明嘉靖年製,exact,True,True,0.303294,
known,China,short_mark,嘉靖年製,大明嘉靖年製,大明嘉靖年製,exact,True,True,0.219134,
known,China,drop_last_char,大明嘉靖年,大明嘉靖年製,大明嘉靖年製,substring,True,True,0.264757,
known,China,drop_first_char,明嘉靖年製,大明嘉靖年製,大明嘉靖年製,substring,True,True,0.261549,
known,China,single_confusion,大明嘉青年製,大明嘉靖年製,大明,substring,False,True,0.311513,
known,China,wrong_order_pair,明大嘉靖年製,大明嘉靖年製,大明嘉靖年製,substring,True,True,0.315118,
known,China,exact_full,大明隆慶年製,大明隆慶年製,大明隆慶年製,exact,True,True,0.303312,
known,China,short_mark,隆慶年製,大明隆慶年製,大明隆慶年製,exact,True,True,0.230395,
known,China,drop_last_char,大明隆慶年,大明隆慶年製,大明隆慶年製,substring,True,True,0.267051,
known,China,drop_first_char,明隆慶年製,大明隆慶年製,大明隆慶年製,substring,True,True,0.270766,
known,China,single_confusion,大明蓬慶年製,大明隆慶年製,大明,substring,False,True,0.307315,
known,China,wrong_order_pair,明大隆慶年製,大明隆慶年製,大明隆慶年製,substring,True,True,0.307442,
known,China,exact_full,大明萬曆年製,大明萬曆年製,大明萬曆年製,exact,True,True,0.359892,
known,China,short_mark,萬曆年製,大明萬曆年製,大明萬曆年製,exact,True,True,0.302668,
known,China,drop_last_char,大明萬曆年,大明萬曆年製,大明萬曆年製,substring,True,True,0.309666,
known,China,drop_first_char,明萬曆年製,大明萬曆年製,大明萬曆年製,substring,True,True,0.27339,
known,China,wrong_order_pair,明大萬曆年製,大明萬曆年製,大明萬曆年製,substring,True,True,0.303448,
known,China,exact_full,大明泰昌年製,大明泰昌年製,大明泰昌年製,exact,True,True,0.305889,
known,China,short_mark,泰昌年製,大明泰昌年製,大明泰昌年製,exact,True,True,0.213965,
known,China,drop_last_char,大明泰昌年,大明泰昌年製,大明泰昌年製,substring,True,True,0.263856,
known,China,drop_first_char,明泰昌年製,大明泰昌年製,大明泰昌年製,substring,True,True,0.257326,
known,China,wrong_order_pair,明大泰昌年製,大明泰昌年製,大明泰昌年製,substring,True,True,0.312807,
known,China,exact_full,大明天啟年製,大明天啟年製,大明天啟年製,exact,True,True,0.307188,
known,China,short_mark,天啟年製,大明天啟年製,大明天啟年製,exact,True,True,0.212898,
known,China,drop_last_char,大明天啟年,大明天啟年製,大明天啟年製,substring,True,True,0.275737,
known,China,drop_first_char,明天啟年製,大明天啟年製,大明天啟年製,substring,True,True,0.279203,
known,China,wrong_order_pair,明大天啟年製,大明天啟年製,大明天啟年製,substring,True,True,0.334152,
known,China,exact_full,大明崇禎年製,大明崇禎年製,大明崇禎年製,exact,True,True,0.303456,
known,China,short_mark,崇禎年製,大明崇禎年製,大明崇禎年製,exact,True,True,0.216957,
known,China,drop_last_char,大明崇禎年,大明崇禎年製,大明崇禎年製,substring,True,True,0.27048,
known,China,drop_first_char,明崇禎年製,大明崇禎年製,大明崇禎年製,substring,True,True,0.268686,
known,China,wrong_order_pair,明大崇禎年製,大明崇禎年製,大明崇禎年製,substring,True,True,0.382678,
known,China,exact_full,大清順治年製,大清順治年製,大清順治年製,exact,True,True,0.312915,
known,China,short_mark,順治年製,大清順治年製,大清順治年製,exact,True,True,0.222221,
known,China,drop_last_char,大清順治年,大清順治年製,大清順治年製,substring,True,True,0.266762,
known,China,drop_first_char,清順治年製,大清順治年製,大清順治年製,substring,True,True,0.31246,
known,China,single_confusion,大清順冶年製,大清順治年製,大清,substring,False,True,0.352159,
known,China,wrong_order_pair,清大順治年製,大清順治年製,大清順治年製,substring,True,True,0.310611,
known,China,exact_full,大清康熙年製,大清康熙年製,大清康熙年製,exact,True,True,0.308872,
known,China,short_mark,康熙年製,大清康熙年製,大清康熙年製,exact,True,True,0.220282,
known,China,drop_last_char,大清康熙年,大清康熙年製,大清康熙年製,substring,True,True,0.322883,
known,China,drop_first_char,清康熙年製,大清康熙年製,大清康熙年製,substring,True,True,0.389654,
known,China,single_confusion,大清庚熙年製,大清康熙年製,大清,substring,False,True,0.337762,
known,China,wrong_order_pair,清大康熙年製,大清康熙年製,大清康熙年製,substring,True,True,0.362073,
known,China,exact_full,大清雍正年製,大清雍正年製,大清雍正年製,exact,True,True,0.32272,
known,China,short_mark,雍正年製,大清雍正年製,大清雍正年製,exact,True,True,0.216535,
known,China,drop_last_char,大清雍正年,大清雍正年製,大清雍正年製,substring,True,True,0.270928,
known,China,drop_first_char,清雍正年製,大清雍正年製,大清雍正年製,substring,True,True,0.258171,
known,China,single_confusion,大清雄正年製,大清雍正年製,大清,substring,False,True,0.324687,
known,China,wrong_order_pair,清大雍正年製,大清雍正年製,大清雍正年製,substring,True,True,0.306582,
known,China,exact_full,大清乾隆年製,大清乾隆年製,大清乾隆年製,exact,True,True,0.294251,
known,China,short_mark,乾隆年製,大清乾隆年製,大清乾隆年製,exact,True,True,0.215526,
known,China,drop_last_char,大清乾隆年,大清乾隆年製,大清乾隆年製,substring,True,True,0.300289,
known,China,drop_first_char,清乾隆年製,大清乾隆年製,大清乾隆年製,substring,True,True,0.260139,
known,China,single_confusion,大清輪隆年製,大清乾隆年製,大清,substring,False,True,0.306476,
known,China,wrong_order_pair,清大乾隆年製,大清乾隆年製,大清乾隆年製,substring,True,True,0.302831,
known,China,exact_full,大清嘉慶年製,大清嘉慶年製,大清嘉慶年製,exact,True,True,0.296484,
known,China,short_mark,嘉慶年製,大清嘉慶年製,大清嘉慶年製,exact,True,True,0.210942,
known,China,drop_last_char,大清嘉慶年,大清嘉慶年製,大清嘉慶年製,substring,True,True,0.258271,
known,China,drop_first_char,清嘉慶年製,大清嘉慶年製,大清嘉慶年製,substring,True,True,0.27642,
known,China,wrong_order_pair,清大嘉慶年製,大清嘉慶年製,大清嘉慶年製,substring,True,True,0.307662,
known,China,exact_full,大清道光年製,大清道光年製,大清道光年製,exact,True,True,0.305335,
known,China,short_mark,道光年製,大清道光年製,大清道光年製,exact,True,True,0.210264,
known,China,drop_last_char,大清道光年,大清道光年製,大清道光年製,substring,True,True,0.271971,
known,China,drop_first_char,清道光年製,大清道光年製,大清道光年製,substring,True,True,0.253876,
known,China,single_confusion,大清遺光年製,大清道光年製,大清,substring,False,True,0.297595,
known,China,wrong_order_pair,清大道光年製,大清道光年製,大清道光年製,substring,True,True,0.298033,
known,China,exact_full,大清咸豐年製,大清咸豐年製,大清咸豐年製,exact,True,True,0.294815,
known,China,short_mark,咸豐年製,大清咸豐年製,大清咸豐年製,exact,True,True,0.224519,
known,China,drop_last_char,大清咸豐年,大清咸豐年製,大清咸豐年製,substring,True,True,0.365747,
known,China,drop_first_char,清咸豐年製,大清咸豐年製,大清咸豐年製,substring,True,True,0.268162,
known,China,wrong_order_pair,清大咸豐年製,大清咸豐年製,大清咸豐年製,substring,True,True,0.305453,
known,China,exact_full,大清同治年製,大清同治年製,大清同治年製,exact,True,True,0.295894,
known,China,short_mark,同治年製,大清同治年製,大清同治年製,exact,True,True,0.216577,
known,China,drop_last_char,大清同治年,大清同治年製,大清同治年製,substring,True,True,0.265734,
known,China,drop_first_char,清同治年製,大清同治年製,大清同治年製,substring,True,True,0.265073,
known,China,single_confusion,大清司治年製,大清同治年製,大清,substring,False,True,0.302655,
known,China,wrong_order_pair,清大同治年製,大清同治年製,大清同治年製,substring,True,True,0.306438,
known,China,exact_full,大清光緒年製,大清光緒年製,大清光緒年製,exact,True,True,0.302094,
known,China,short_mark,光緒年製,大清光緒年製,大清光緒年製,exact,True,True,0.213613,
known,China,drop_last_char,大清光緒年,大清光緒年製,大清光緒年製,substring,True,True,0.268392,
known,China,drop_first_char,清光緒年製,大清光緒年製,大清光緒年製,substring,True,True,0.268923,
known,China,single_confusion,大清先緒年製,大清光緒年製,大清,substring,False,True,0.317538,
known,China,wrong_order_pair,清大光緒年製,大清光緒年製,大清光緒年製,substring,True,True,0.310661,
known,China,exact_full,大清宣統年製,大清宣統年製,大清宣統年製,exact,True,True,0.296397,
known,China,short_mark,宣統年製,大清宣統年製,大清宣統年製,exact,True,True,0.235434,
known,China,drop_last_char,大清宣統年,大清宣統年製,大清宣統年製,substring,True,True,0.265889,
known,China,drop_first_char,清宣統年製,大清宣統年製,大清宣統年製,substring,True,True,0.33937,
known,China,single_confusion,大清宜統年製,大清宣統年製,大清,substring,False,True,0.368546,
known,China,wrong_order_pair,清大宣統年製,大清宣統年製,大清宣統年製,substring,True,True,0.385026,
known,Vietnam,exact_full,嘉隆年製,嘉隆年製,嘉隆年製,exact,True,True,0.230792,
known,Vietnam,drop_last_char,嘉隆年,嘉隆年製,嘉隆年製,substring,True,True,0.168375,
known,Vietnam,drop_first_char,隆年製,嘉隆年製,大清乾隆年製,substring,False,True,0.17831,
known,Vietnam,single_confusion,嘉蓬年製,嘉隆年製,大明嘉靖年製,fuzzy_tiedecision,False,True,0.231834,
known,Vietnam,exact_full,明命年製,明命年製,明命年製,exact,True,True,0.207071,
known,Vietnam,drop_last_char,明命年,明命年製,明命年製,substring,True,True,0.166529,
known,Vietnam,drop_first_char,命年製,明命年製,明命年製,substring,True,True,0.160216,
known,Vietnam,exact_full,紹治年製,紹治年製,紹治年製,exact,True,True,0.216144,
known,Vietnam,drop_last_char,紹治年,紹治年製,紹治年製,substring,True,True,0.167059,
known,Vietnam,drop_first_char,治年製,紹治年製,大明弘治年製,substring,False,False,0.167884,
known,Vietnam,single_confusion,紹冶年製,紹治年製,紹治年製,fuzzy_tiedecision,True,True,0.243246,
known,Vietnam,exact_full,嗣德年製,嗣德年製,嗣德年製,exact,True,True,0.20714,
known,Vietnam,drop_last_char,嗣德年,嗣德年製,嗣德年製,substring,True,True,0.174762,
known,Vietnam,drop_first_char,德年製,嗣德年製,大明宣德年製,substring,False,True,0.167319,
known,Vietnam,single_confusion,嗣徳年製,嗣德年製,嗣德年製,fuzzy_tiedecision,True,True,0.235574,
known,Vietnam,exact_full,建福年製,建福年製,建福年製,exact,True,True,0.212643,
known,Vietnam,drop_last_char,建福年,建福年製,建福年製,substring,True,True,0.167539,
known,Vietnam,drop_first_char,福年製,建福年製,建福年製,substring,True,True,0.163055,
known,Vietnam,exact_full,咸宜年製,咸宜年製,咸宜年製,exact,True,True,0.204092,
known,Vietnam,drop_last_char,咸宜年,咸宜年製,咸宜年製,substring,True,True,0.162578,
known,Vietnam,drop_first_char,宜年製,咸宜年製,咸宜年製,substring,True,True,0.175666,
known,Vietnam,exact_full,同慶年製,同慶年製,同慶年製,exact,True,True,0.253888,
known,Vietnam,drop_last_char,同慶年,同慶年製,同慶年製,substring,True,True,0.209637,
known,Vietnam,drop_first_char,慶年製,同慶年製,大明隆慶年製,substring,False,True,0.167358,
known,Vietnam,single_confusion,司慶年製,同慶年製,大明隆慶年製,fuzzy_tiedecision,False,True,0.23179,
known,Korea,exact_full,成泰年製,成泰年製,成泰年製,exact,True,True,0.206596,
known,Korea,drop_last_char,成泰年,成泰年製,成泰年製,substring,True,True,0.170576,
known,Korea,drop_first_char,泰年製,成泰年製,大明景泰年製,substring,False,True,0.159006,
known,Korea,single_confusion,咸泰年製,成泰年製,大明景泰年製,fuzzy_tiedecision,False,False,0.22722,
known,Vietnam,exact_full,維新年製,維新年製,維新年製,exact,True,True,0.233085,
known,Vietnam,drop_last_char,維新年,維新年製,維新年製,substring,True,True,0.17959,
known,Vietnam,drop_first_char,新年製,維新年製,維新年製,substring,True,True,0.215748,
known,Vietnam,exact_full,啟定年製,啟定年製,啟定年製,exact,True,True,0.275185,
known,Vietnam,drop_last_char,啟定年,啟定年製,啟定年製,substring,True,True,0.216223,
known,Vietnam,drop_first_char,定年製,啟定年製,啟定年製,substring,True,True,0.18532,
known,Vietnam,exact_full,保大年製,保大年製,保大年製,exact,True,True,0.278332,
known,Vietnam,drop_last_char,保大年,保大年製,保大年製,substring,True,True,0.234653,
known,Vietnam,drop_first_char,大年製,保大年製,保大年製,substring,True,True,0.231758,
known,Vietnam,exact_full,內府,內府,內府,exact,True,True,0.173326,
known,Vietnam,exact_full,內府侍從,內府侍從,內府侍從,exact,True,True,0.308312,
known,Vietnam,drop_last_char,內府侍,內府侍從,內府,substring,False,True,0.219008,
known,Vietnam,drop_first_char,府侍從,內府侍從,內府侍從,substring,True,True,0.172715,
known,Other,exact_full,御製,御製,御製,exact,True,True,0.115339,
known,Other,exact_full,御用,御用,御製,exact,False,True,0.118679,
known,Other,exact_full,官窯,官窯,官窯,exact,True,True,0.120385,
known,Other,exact_full,天下太平,天下太平,天下太平,exact,True,True,0.215575,
known,Other,drop_last_char,天下太,天下太平,天下太平,substring,True,True,0.17638,
known,Other,drop_first_char,下太平,天下太平,天下太平,substring,True,True,0.167647,
known,Other,exact_full,清玩,清玩,清玩,exact,True,True,0.121177,
known,Other,exact_full,珍玩,珍玩,珍玩,exact,True,True,0.120375,
known,Other,exact_full,雅玉,雅玉,雅玉,exact,True,True,0.120598,
known,Other,exact_full,若深珍藏,若深珍藏,若深珍藏,exact,True,True,0.214622,
known,Other,drop_last_char,若深珍,若深珍藏,若深珍藏,substring,True,True,0.20462,
known,Other,drop_first_char,深珍藏,若深珍藏,若深珍藏,substring,True,True,0.234088,
known,Other,exact_full,萬壽無疆,萬壽無疆,萬壽無疆,exact,True,True,0.219816,
known,Other,drop_last_char,萬壽無,萬壽無疆,萬壽無疆,substring,True,True,0.175237,
known,Other,drop_first_char,壽無疆,萬壽無疆,萬壽無疆,substring,True,True,0.170597,
known,Other,exact_full,福壽康寧,福壽康寧,福壽康寧,exact,True,True,0.307678,
known,Other,drop_last_char,福壽康,福壽康寧,福壽康寧,substring,True,True,0.218194,
known,Other,drop_first_char,壽康寧,福壽康寧,福壽康寧,substring,True,True,0.233821,
known,Other,single_confusion,福壽庚寧,福壽康寧,福,substring,False,True,0.243504,
known,Other,exact_full,長春,長春,長春,exact,True,True,0.1251,
known,Other,exact_full,萬福攸同,萬福攸同,萬福攸同,exact,True,True,0.254239,
known,Other,drop_last_char,萬福攸,萬福攸同,萬福攸同,substring,True,True,0.174689,
known,Other,drop_first_char,福攸同,萬福攸同,萬福攸同,substring,True,True,0.177142,
known,Other,exact_full,芳傳萬古,芳傳萬古,芳傳萬古,exact,True,True,0.223958,
known,Other,drop_last_char,芳傳萬,芳傳萬古,芳傳萬古,substring,True,True,0.181667,
known,Other,drop_first_char,傳萬古,芳傳萬古,芳傳萬古,substring,True,True,0.173917,
known,Other,exact_full,景德鎮製,景德鎮製,景德鎮製,exact,True,True,0.218402,
known,Other,drop_last_char,景德鎮,景德鎮製,景德鎮製,substring,True,True,0.179342,
known,Other,drop_first_char,德鎮製,景德鎮製,景德鎮製,substring,True,True,0.168897,
known,Other,single_confusion,景徳鎮製,景德鎮製,景德鎮製,fuzzy_tiedecision,True,True,0.243245,
known,Other,exact_full,江西瓷器,江西瓷器,江西瓷器,exact,True,True,0.259863,
known,Other,drop_last_char,江西瓷,江西瓷器,江西瓷器,substring,True,True,0.197039,
known,Other,drop_first_char,西瓷器,江西瓷器,江西瓷器,substring,True,True,0.179812,
known,Other,exact_full,德化製,德化製,德化製,exact,True,True,0.175731,
known,Other,single_confusion,徳化製,德化製,德化製,fuzzy_tiedecision,True,True,0.185032,
known,Other,exact_full,大雅齋,大雅齋,大雅齋,exact,True,True,0.174336,
known,Other,exact_full,天地一家春,天地一家春,天地一家春,exact,True,True,0.272033,
known,Other,drop_last_char,天地一家,天地一家春,天地一家春,substring,True,True,0.237769,
known,Other,drop_first_char,地一家春,天地一家春,天地一家春,substring,True,True,0.229671,
known,Other,exact_full,永慶長春,永慶長春,永慶長春,exact,True,True,0.244964,
known,Other,drop_last_char,永慶長,永慶長春,永慶長春,substring,True,True,0.180537,
known,Other,drop_first_char,慶長春,永慶長春,長春,substring,False,True,0.199462,
known,Other,exact_full,慎德堂製,慎德堂製,慎德堂製,exact,True,True,0.222812,
known,Other,drop_last_char,慎德堂,慎德堂製,慎德堂製,exact,True,True,0.179482,
known,Other,drop_first_char,德堂製,慎德堂製,慎德堂製,substring,True,True,0.183855,
known,Other,single_confusion,慎徳堂製,慎德堂製,慎德堂製,fuzzy_tiedecision,True,True,0.255743,
known,Other,exact_full,養和堂製,養和堂製,養和堂製,exact,True,True,0.218859,
known,Other,drop_last_char,養和堂,養和堂製,養和堂製,substring,True,True,0.180477,
known,Other,drop_first_char,和堂製,養和堂製,養和堂製,substring,True,True,0.183163,
known,Other,exact_full,陳國治造,陳國治造,陳國治造,exact,True,True,0.232824,
known,Other,drop_last_char,陳國治,陳國治造,陳國治造,substring,True,True,0.207551,
known,Other,drop_first_char,國治造,陳國治造,陳國治造,substring,True,True,0.189224,
known,Other,single_confusion,陳國冶造,陳國治造,陳國治造,fuzzy_tiedecision,True,True,0.247651,
known,Other,exact_full,宣化年製,宣化年製,宣化年製,exact,True,True,0.218259,
known,Other,drop_last_char,宣化年,宣化年製,宣化年製,substring,True,True,0.175968,
known,Other,drop_first_char,化年製,宣化年製,大明成化年製,substring,False,True,0.174722,
known,Other,single_confusion,宜化年製,宣化年製,大明成化年製,fuzzy_tiedecision,False,True,0.244311,
known,Vietnam,exact_full,阮,阮,阮,exact,True,True,0.070101,
known,China,exact_full,大明,大明,大明,exact,True,True,0.125963,
known,China,exact_full,大清,大清,大清,exact,True,True,0.13404,
known,Vietnam,exact_full,大南,大南,大南,exact,True,True,0.129349,
known,Other,exact_full,康熙年玩,康熙年玩,康熙年玩,exact,True,True,0.237192,
known,Other,drop_last_char,康熙年,康熙年玩,大清康熙年製,substring,False,True,0.173815,
known,Other,drop_first_char,熙年玩,康熙年玩,康熙年玩,substring,True,True,0.177137,
known,Other,single_confusion,庚熙年玩,康熙年玩,康熙年玩,fuzzy_tiedecision,True,True,0.239138,
known,Other,exact_full,乾隆年玩,乾隆年玩,乾隆年玩,exact,True,True,0.219307,
known,Other,drop_last_char,乾隆年,乾隆年玩,大清乾隆年製,substring,False,True,0.175626,
known,Other,drop_first_char,隆年玩,乾隆年玩,乾隆年玩,substring,True,True,0.181712,
known,Other,single_confusion,輪隆年玩,乾隆年玩,乾隆年玩,fuzzy_tiedecision,True,True,0.241585,
known,Other,exact_full,嘉靖年造,嘉靖年造,大明嘉靖年製,exact,False,True,0.212276,
known,Other,drop_last_char,嘉靖年,嘉靖年造,大明嘉靖年製,substring,False,True,0.168213,
known,Other,drop_first_char,靖年造,嘉靖年造,大明嘉靖年製,substring,False,True,0.178199,
known,Other,single_confusion,嘉青年造,嘉靖年造,大明嘉靖年製,fuzzy_tiedecision,False,False,0.238106,
known,Other,exact_full,萬曆年造,萬曆年造,大明萬曆年製,exact,False,True,0.238576,
known,Other,drop_last_char,萬曆年,萬曆年造,大明萬曆年製,substring,False,True,0.180869,
known,Other,drop_first_char,曆年造,萬曆年造,大明萬曆年製,substring,False,True,0.168233,
known,Korea,exact_full,成化年造,成化年造,大明成化年製,exact,False,True,0.216531,
known,Korea,drop_last_char,成化年,成化年造,大明成化年製,substring,False,True,0.168853,
known,Korea,drop_first_char,化年造,成化年造,大明成化年製,substring,False,True,0.166519,
known,Korea,single_confusion,咸化年造,成化年造,大明成化年製,fuzzy_tiedecision,False,False,0.237466,
known,Other,exact_full,乾隆年製,乾隆年製,大清乾隆年製,exact,True,True,0.209192,
known,Other,drop_last_char,乾隆年,乾隆年製,大清乾隆年製,substring,True,True,0.178935,
known,Other,drop_first_char,隆年製,乾隆年製,大清乾隆年製,substring,True,True,0.167474,
known,Other,single_confusion,輪隆年製,乾隆年製,大清乾隆年製,fuzzy_tiedecision,True,True,0.235227,
known,Other,exact_full,康熙年製,康熙年製,大清康熙年製,exact,True,True,0.209225,
known,Other,drop_last_char,康熙年,康熙年製,大清康熙年製,substring,True,True,0.167243,
known,Other,drop_first_char,熙年製,康熙年製,大明洪熙年製,substring,False,True,0.163581,
known,Other,single_confusion,庚熙年製,康熙年製,大明洪熙年製,fuzzy_tiedecision,False,True,0.232377,
known,Other,exact_full,雍正年製,雍正年製,大清雍正年製,exact,True,True,0.212005,
known,Other,drop_last_char,雍正年,雍正年製,大清雍正年製,substring,True,True,0.167319,
known,Other,drop_first_char,正年製,雍正年製,大清雍正年製,substring,True,True,0.187119,
known,Other,single_confusion,雄正年製,雍正年製,大清雍正年製,fuzzy_tiedecision,True,True,0.249369,
known,Other,exact_full,宣德年製,宣德年製,大明宣德年製,exact,True,True,0.22473,
known,Other,drop_last_char,宣德年,宣德年製,大明宣德年製,substring,True,True,0.169595,
known,Other,drop_first_char,德年製,宣德年製,大明宣德年製,substring,True,True,0.162402,
known,Other,single_confusion,宜德年製,宣德年製,大明宣德年製,fuzzy_tiedecision,True,True,0.234271,
known,Korea,exact_full,成化年製,成化年製,大明成化年製,exact,True,True,0.20616,
known,Korea,drop_last_char,成化年,成化年製,大明成化年製,substring,True,True,0.166867,
known,Korea,drop_first_char,化年製,成化年製,大明成化年製,substring,True,True,0.157875,
known,Korea,single_confusion,咸化年製,成化年製,大明成化年製,fuzzy_tiedecision,True,True,0.227519,
known,Other,exact_full,嘉靖年製,嘉靖年製,大明嘉靖年製,exact,True,True,0.210288,
known,Other,drop_last_char,嘉靖年,嘉靖年製,大明嘉靖年製,substring,True,True,0.165588,
known,Other,drop_first_char,靖年製,嘉靖年製,大明嘉靖年製,substring,True,True,0.172253,
known,Other,single_confusion,嘉青年製,嘉靖年製,大明嘉靖年製,fuzzy_tiedecision,True,True,0.229072,
known,Other,exact_full,萬曆年製,萬曆年製,大明萬曆年製,exact,True,True,0.207395,
known,Other,drop_last_char,萬曆年,萬曆年製,大明萬曆年製,substring,True,True,0.167792,
known,Other,drop_first_char,曆年製,萬曆年製,大明萬曆年製,substring,True,True,0.164374,
known,China,exact_full,大明年製,大明年製,大明年製,top1_fuzzy,True,True,0.216573,
known,China,drop_last_char,大明年,大明年製,大明,substring,False,True,0.183221,
known,China,drop_first_char,明年製,大明年製,大明年製,substring,True,True,0.172552,
known,China,exact_full,大清年製,大清年製,大清年製,top1_fuzzy,True,True,0.203401,
known,China,drop_last_char,大清年,大清年製,大清,substring,False,True,0.169419,
known,China,drop_first_char,清年製,大清年製,大清年製,substring,True,True,0.167481,
known,Other,exact_full,嘉慶年製,嘉慶年製,大清嘉慶年製,exact,True,True,0.223633,
known,Other,drop_last_char,嘉慶年,嘉慶年製,大清嘉慶年製,substring,True,True,0.173052,
known,Other,drop_first_char,慶年製,嘉慶年製,大明隆慶年製,substring,False,True,0.162681,
known,Other,exact_full,道光年製,道光年製,大清道光年製,exact,True,True,0.216526,
known,Other,drop_last_char,道光年,道光年製,大清道光年製,substring,True,True,0.19784,
known,Other,drop_first_char,光年製,道光年製,大清道光年製,substring,True,True,0.186993,
known,Other,single_confusion,遺光年製,道光年製,大清道光年製,fuzzy_tiedecision,True,True,0.235751,
known,Other,exact_full,光緒年製,光緒年製,大清光緒年製,exact,True,True,0.215706,
known,Other,drop_last_char,光緒年,光緒年製,大清光緒年製,substring,True,True,0.173638,
known,Other,drop_first_char,緒年製,光緒年製,大清光緒年製,substring,True,True,0.171605,
known,Other,single_confusion,先緒年製,光緒年製,大清光緒年製,fuzzy_tiedecision,True,True,0.254687,
known,Vietnam,exact_full,內府侍旨,內府侍旨,內府侍旨,exact,True,True,0.226448,
known,Vietnam,drop_last_char,內府侍,內府侍旨,內府,substring,False,True,0.185398,
known,Vietnam,drop_first_char,府侍旨,內府侍旨,內府侍旨,substring,True,True,0.182931,
known,Vietnam,exact_full,內府侍中,內府侍中,內府侍中,exact,True,True,0.224601,
known,Vietnam,drop_last_char,內府侍,內府侍中,內府,substring,False,True,0.175989,
known,Vietnam,drop_first_char,府侍中,內府侍中,內府侍中,substring,True,True,0.197225,
known,Vietnam,exact_full,內府侍右,內府侍右,內府侍右,exact,True,True,0.225227,
known,Vietnam,drop_last_char,內府侍,內府侍右,內府,substring,False,False,0.184828,
known,Vietnam,drop_first_char,府侍右,內府侍右,內府侍右,substring,True,True,0.186683,
known,Vietnam,exact_full,內府侍東,內府侍東,內府侍東,exact,True,True,0.23497,
known,Vietnam,drop_last_char,內府侍,內府侍東,內府,substring,False,False,0.216512,
known,Vietnam,drop_first_char,府侍東,內府侍東,內府侍東,substring,True,True,0.229179,
known,Vietnam,exact_full,內府侍南,內府侍南,內府侍南,exact,True,True,0.228223,
known,Vietnam,drop_last_char,內府侍,內府侍南,內府,substring,False,False,0.17923,
known,Vietnam,drop_first_char,府侍南,內府侍南,內府侍南,substring,True,True,0.184584,
known,Vietnam,exact_full,內府侍北,內府侍北,內府侍北,exact,True,True,0.230597,
known,Vietnam,drop_last_char,內府侍,內府侍北,內府,substring,False,False,0.178001,
known,Vietnam,drop_first_char,府侍北,內府侍北,內府侍北,substring,True,True,0.178514,
known,Vietnam,exact_full,內府侍兌,內府侍兌,內府侍兌,exact,True,True,0.25884,
known,Vietnam,drop_last_char,內府侍,內府侍兌,內府,substring,False,False,0.184664,
known,Vietnam,drop_first_char,府侍兌,內府侍兌,內府侍兌,substring,True,True,0.183352,
known,Other,exact_full,甲子年製,甲子年製,甲子年製,exact,True,True,0.229193,
known,Other,drop_last_char,甲子年,甲子年製,甲子年製,substring,True,True,0.162619,
known,Other,drop_first_char,子年製,甲子年製,甲子年製,substring,True,True,0.161661,
known,Other,exact_full,乙丑年製,乙丑年製,乙丑年製,exact,True,True,0.201048,
known,Other,drop_last_char,乙丑年,乙丑年製,乙丑年製,substring,True,True,0.170337,
known,Other,drop_first_char,丑年製,乙丑年製,乙丑年製,substring,True,True,0.172825,
known,Other,exact_full,丙寅年製,丙寅年製,丙寅年製,exact,True,True,0.220623,
known,Other,drop_last_char,丙寅年,丙寅年製,丙寅年製,substring,True,True,0.179906,
known,Other,drop_first_char,寅年製,丙寅年製,丙寅年製,substring,True,True,0.175358,
known,Other,exact_full,丁卯年製,丁卯年製,丁卯年製,exact,True,True,0.206012,
known,Other,drop_last_char,丁卯年,丁卯年製,丁卯年製,substring,True,True,0.172555,
known,Other,drop_first_char,卯年製,丁卯年製,丁卯年製,substring,True,True,0.165929,
known,Other,exact_full,戊辰年製,戊辰年製,戊辰年製,exact,True,True,0.221469,
known,Other,drop_last_char,戊辰年,戊辰年製,戊辰年製,substring,True,True,0.172776,
known,Other,drop_first_char,辰年製,戊辰年製,戊辰年製,substring,True,True,0.170624,
known,Other,exact_full,己巳年製,己巳年製,己巳年製,exact,True,True,0.210692,
known,Other,drop_last_char,己巳年,己巳年製,己巳年製,substring,True,True,0.162211,
known,Other,drop_first_char,巳年製,己巳年製,己巳年製,substring,True,True,0.166048,
known,Other,exact_full,庚午年製,庚午年製,庚午年製,exact,True,True,0.208831,
known,Other,drop_last_char,庚午年,庚午年製,庚午年製,substring,True,True,0.161897,
known,Other,drop_first_char,午年製,庚午年製,庚午年製,substring,True,True,0.165017,
known,Other,exact_full,辛未年製,辛未年製,辛未年製,exact,True,True,0.202203,
known,Other,drop_last_char,辛未年,辛未年製,辛未年製,substring,True,True,0.164475,
known,Other,drop_first_char,未年製,辛未年製,辛未年製,substring,True,True,0.158818,
known,Other,exact_full,壬申年製,壬申年製,壬申年製,exact,True,True,0.201928,
known,Other,drop_last_char,壬申年,壬申年製,壬申年製,substring,True,True,0.158989,
known,Other,drop_first_char,申年製,壬申年製,壬申年製,substring,True,True,0.168575,
known,Other,exact_full,癸酉年製,癸酉年製,癸酉年製,exact,True,True,0.200237,
known,Other,drop_last_char,癸酉年,癸酉年製,癸酉年製,substring,True,True,0.168327,
known,Other,drop_first_char,酉年製,癸酉年製,癸酉年製,substring,True,True,0.160352,
known,Other,exact_full,甲戌年製,甲戌年製,甲戌年製,exact,True,True,0.210467,
known,Other,drop_last_char,甲戌年,甲戌年製,甲戌年製,substring,True,True,0.200482,
known,Other,drop_first_char,戌年製,甲戌年製,甲戌年製,substring,True,True,0.166001,
known,Other,exact_full,乙亥年製,乙亥年製,乙亥年製,exact,True,True,0.203205,
known,Other,drop_last_char,乙亥年,乙亥年製,乙亥年製,substring,True,True,0.169412,
known,Other,drop_first_char,亥年製,乙亥年製,乙亥年製,substring,True,True,0.169982,
known,Other,exact_full,丙子年製,丙子年製,丙子年製,exact,True,True,0.203407,
known,Other,drop_last_char,丙子年,丙子年製,丙子年製,substring,True,True,0.159496,
known,Other,drop_first_char,子年製,丙子年製,甲子年製,substring,False,True,0.15772,
known,Other,exact_full,丁丑年製,丁丑年製,丁丑年製,exact,True,True,0.20821,
known,Other,drop_last_char,丁丑年,丁丑年製,丁丑年製,substring,True,True,0.162888,
known,Other,drop_first_char,丑年製,丁丑年製,乙丑年製,substring,False,True,0.159055,
known,Other,exact_full,戊寅年製,戊寅年製,戊寅年製,exact,True,True,0.204794,
known,Other,drop_last_char,戊寅年,戊寅年製,戊寅年製,substring,True,True,0.181311,
known,Other,drop_first_char,寅年製,戊寅年製,丙寅年製,substring,False,True,0.166525,
known,Other,exact_full,己卯年製,己卯年製,己卯年製,exact,True,True,0.20568,
known,Other,drop_last_char,己卯年,己卯年製,己卯年製,substring,True,True,0.166947,
known,Other,drop_first_char,卯年製,己卯年製,丁卯年製,substring,False,True,0.162732,
known,Other,exact_full,庚辰年製,庚辰年製,庚辰年製,exact,True,True,0.20983,
known,Other,drop_last_char,庚辰年,庚辰年製,庚辰年製,substring,True,True,0.172566,
known,Other,drop_first_char,辰年製,庚辰年製,戊辰年製,substring,False,True,0.181762,
known,Other,exact_full,辛巳年製,辛巳年製,辛巳年製,exact,True,True,0.211066,
known,Other,drop_last_char,辛巳年,辛巳年製,辛巳年製,substring,True,True,0.171991,
known,Other,drop_first_char,巳年製,辛巳年製,己巳年製,substring,False,True,0.166326,
known,Other,exact_full,壬午年製,壬午年製,壬午年製,exact,True,True,0.212214,
known,Other,drop_last_char,壬午年,壬午年製,壬午年製,substring,True,True,0.155184,
known,Other,drop_first_char,午年製,壬午年製,庚午年製,substring,False,True,0.157161,
known,Other,exact_full,癸未年製,癸未年製,癸未年製,exact,True,True,0.206774,
known,Other,drop_last_char,癸未年,癸未年製,癸未年製,substring,True,True,0.160486,
known,Other,drop_first_char,未年製,癸未年製,辛未年製,substring,False,True,0.160847,
known,Other,exact_full,甲申年製,甲申年製,甲申年製,exact,True,True,0.200014,
known,Other,drop_last_char,甲申年,甲申年製,甲申年製,substring,True,True,0.180527,
known,Other,drop_first_char,申年製,甲申年製,壬申年製,substring,False,True,0.194371,
known,Other,exact_full,乙酉年製,乙酉年製,乙酉年製,exact,True,True,0.244855,
known,Other,drop_last_char,乙酉年,乙酉年製,乙酉年製,substring,True,True,0.178208,
known,Other,drop_first_char,酉年製,乙酉年製,癸酉年製,substring,False,True,0.174006,
known,Other,exact_full,丙戌年製,丙戌年製,丙戌年製,exact,True,True,0.222813,
known,Other,drop_last_char,丙戌年,丙戌年製,丙戌年製,substring,True,True,0.172435,
known,Other,drop_first_char,戌年製,丙戌年製,甲戌年製,substring,False,True,0.163715,
known,Other,exact_full,丁亥年製,丁亥年製,丁亥年製,exact,True,True,0.2138,
known,Other,drop_last_char,丁亥年,丁亥年製,丁亥年製,substring,True,True,0.178634,
known,Other,drop_first_char,亥年製,丁亥年製,乙亥年製,substring,False,True,0.166899,
known,Other,exact_full,戊子年製,戊子年製,戊子年製,exact,True,True,0.212612,
known,Other,drop_last_char,戊子年,戊子年製,戊子年製,substring,True,True,0.189112,
known,Other,drop_first_char,子年製,戊子年製,甲子年製,substring,False,True,0.17365,
known,Other,exact_full,己丑年製,己丑年製,己丑年製,exact,True,True,0.212026,
known,Other,drop_last_char,己丑年,己丑年製,己丑年製,substring,True,True,0.168476,
known,Other,drop_first_char,丑年製,己丑年製,乙丑年製,substring,False,True,0.173915,
known,Other,exact_full,庚寅年製,庚寅年製,庚寅年製,exact,True,True,0.210545,
known,Other,drop_last_char,庚寅年,庚寅年製,庚寅年製,substring,True,True,0.163402,
known,Other,drop_first_char,寅年製,庚寅年製,丙寅年製,substring,False,True,0.157687,
known,Other,exact_full,辛卯年製,辛卯年製,辛卯年製,exact,True,True,0.208616,
known,Other,drop_last_char,辛卯年,辛卯年製,辛卯年製,substring,True,True,0.161151,
known,Other,drop_first_char,卯年製,辛卯年製,丁卯年製,substring,False,True,0.163218,
known,Other,exact_full,壬辰年製,壬辰年製,壬辰年製,exact,True,True,0.200795,
known,Other,drop_last_char,壬辰年,壬辰年製,壬辰年製,substring,True,True,0.160434,
known,Other,drop_first_char,辰年製,壬辰年製,戊辰年製,substring,False,True,0.159721,
known,Other,exact_full,癸巳年製,癸巳年製,癸巳年製,exact,True,True,0.207968,
known,Other,drop_last_char,癸巳年,癸巳年製,癸巳年製,substring,True,True,0.171699,
known,Other,drop_first_char,巳年製,癸巳年製,己巳年製,substring,False,True,0.16524,
known,Other,exact_full,甲午年製,甲午年製,甲午年製,exact,True,True,0.203579,
known,Other,drop_last_char,甲午年,甲午年製,甲午年製,substring,True,True,0.16179,
known,Other,drop_first_char,午年製,甲午年製,庚午年製,substring,False,True,0.159212,
known,Other,exact_full,乙未年製,乙未年製,乙未年製,exact,True,True,0.201428,
known,Other,drop_last_char,乙未年,乙未年製,乙未年製,substring,True,True,0.168902,
known,Other,drop_first_char,未年製,乙未年製,辛未年製,substring,False,True,0.180802,
known,Other,exact_full,丙申年製,丙申年製,丙申年製,exact,True,True,0.208608,
known,Other,drop_last_char,丙申年,丙申年製,丙申年製,substring,True,True,0.167045,
known,Other,drop_first_char,申年製,丙申年製,壬申年製,substring,False,True,0.16143,
known,Other,exact_full,丁酉年製,丁酉年製,丁酉年製,exact,True,True,0.203537,
known,Other,drop_last_char,丁酉年,丁酉年製,丁酉年製,substring,True,True,0.171126,
known,Other,drop_first_char,酉年製,丁酉年製,癸酉年製,substring,False,True,0.164039,
known,Other,exact_full,戊戌年製,戊戌年製,戊戌年製,exact,True,True,0.201975,
known,Other,drop_last_char,戊戌年,戊戌年製,戊戌年製,substring,True,True,0.161894,
known,Other,drop_first_char,戌年製,戊戌年製,甲戌年製,substring,False,True,0.158326,
known,Other,exact_full,己亥年製,己亥年製,己亥年製,exact,True,True,0.206196,
known,Other,drop_last_char,己亥年,己亥年製,己亥年製,substring,True,True,0.167181,
known,Other,drop_first_char,亥年製,己亥年製,乙亥年製,substring,False,True,0.165136,
known,Other,exact_full,庚子年製,庚子年製,庚子年製,exact,True,True,0.20158,
known,Other,drop_last_char,庚子年,庚子年製,庚子年製,substring,True,True,0.16425,
known,Other,drop_first_char,子年製,庚子年製,甲子年製,substring,False,False,0.166414,
known,Other,exact_full,辛丑年製,辛丑年製,辛丑年製,exact,True,True,0.207094,
known,Other,drop_last_char,辛丑年,辛丑年製,辛丑年製,substring,True,True,0.177624,
known,Other,drop_first_char,丑年製,辛丑年製,乙丑年製,substring,False,False,0.171169,
known,Other,exact_full,壬寅年製,壬寅年製,壬寅年製,exact,True,True,0.210542,
known,Other,drop_last_char,壬寅年,壬寅年製,壬寅年製,substring,True,True,0.161625,
known,Other,drop_first_char,寅年製,壬寅年製,丙寅年製,substring,False,False,0.161139,
known,Other,exact_full,癸卯年製,癸卯年製,癸卯年製,exact,True,True,0.209899,
known,Other,drop_last_char,癸卯年,癸卯年製,癸卯年製,substring,True,True,0.167596,
known,Other,drop_first_char,卯年製,癸卯年製,丁卯年製,substring,False,False,0.164488,
known,Other,exact_full,甲辰年製,甲辰年製,甲辰年製,exact,True,True,0.204593,
known,Other,drop_last_char,甲辰年,甲辰年製,甲辰年製,substring,True,True,0.163982,
known,Other,drop_first_char,辰年製,甲辰年製,戊辰年製,substring,False,False,0.171853,
known,Other,exact_full,乙巳年製,乙巳年製,乙巳年製,exact,True,True,0.203546,
known,Other,drop_last_char,乙巳年,乙巳年製,乙巳年製,substring,True,True,0.192252,
known,Other,drop_first_char,巳年製,乙巳年製,己巳年製,substring,False,False,0.176263,
known,Other,exact_full,丙午年製,丙午年製,丙午年製,exact,True,True,0.202437,
known,Other,drop_last_char,丙午年,丙午年製,丙午年製,substring,True,True,0.168104,
known,Other,drop_first_char,午年製,丙午年製,庚午年製,substring,False,False,0.167542,
known,Other,exact_full,丁未年製,丁未年製,丁未年製,exact,True,True,0.21281,
known,Other,drop_last_char,丁未年,丁未年製,丁未年製,substring,True,True,0.168627,
known,Other,drop_first_char,未年製,丁未年製,辛未年製,substring,False,False,0.166029,
known,Other,exact_full,戊申年製,戊申年製,戊申年製,exact,True,True,0.205362,
known,Other,drop_last_char,戊申年,戊申年製,戊申年製,substring,True,True,0.182157,
known,Other,drop_first_char,申年製,戊申年製,壬申年製,substring,False,False,0.189854,
known,Other,exact_full,己酉年製,己酉年製,己酉年製,exact,True,True,0.236941,
known,Other,drop_last_char,己酉年,己酉年製,己酉年製,substring,True,True,0.174362,
known,Other,drop_first_char,酉年製,己酉年製,癸酉年製,substring,False,False,0.189971,
known,Other,exact_full,庚戌年製,庚戌年製,庚戌年製,exact,True,True,0.234847,
known,Other,drop_last_char,庚戌年,庚戌年製,庚戌年製,substring,True,True,0.178869,
known,Other,drop_first_char,戌年製,庚戌年製,甲戌年製,substring,False,False,0.168861,
known,Other,exact_full,辛亥年製,辛亥年製,辛亥年製,exact,True,True,0.214371,
known,Other,drop_last_char,辛亥年,辛亥年製,辛亥年製,substring,True,True,0.167058,
known,Other,drop_first_char,亥年製,辛亥年製,乙亥年製,substring,False,False,0.178167,
known,Other,exact_full,壬子年製,壬子年製,壬子年製,exact,True,True,0.269944,
known,Other,drop_last_char,壬子年,壬子年製,壬子年製,substring,True,True,0.197014,
known,Other,drop_first_char,子年製,壬子年製,甲子年製,substring,False,False,0.161801,
known,Other,exact_full,癸丑年製,癸丑年製,癸丑年製,exact,True,True,0.206831,
known,Other,drop_last_char,癸丑年,癸丑年製,癸丑年製,substring,True,True,0.164724,
known,Other,drop_first_char,丑年製,癸丑年製,乙丑年製,substring,False,False,0.167735,
known,Other,exact_full,甲寅年製,甲寅年製,甲寅年製,exact,True,True,0.210928,
known,Other,drop_last_char,甲寅年,甲寅年製,甲寅年製,substring,True,True,0.172264,
known,Other,drop_first_char,寅年製,甲寅年製,丙寅年製,substring,False,False,0.15888,
known,Other,exact_full,乙卯年製,乙卯年製,乙卯年製,exact,True,True,0.202762,
known,Other,drop_last_char,乙卯年,乙卯年製,乙卯年製,substring,True,True,0.175451,
known,Other,drop_first_char,卯年製,乙卯年製,丁卯年製,substring,False,False,0.164648,
known,Other,exact_full,丙辰年製,丙辰年製,丙辰年製,exact,True,True,0.210561,
known,Other,drop_last_char,丙辰年,丙辰年製,丙辰年製,substring,True,True,0.167417,
known,Other,drop_first_char,辰年製,丙辰年製,戊辰年製,substring,False,False,0.163762,
known,Other,exact_full,丁巳年製,丁巳年製,丁巳年製,exact,True,True,0.22172,
known,Other,drop_last_char,丁巳年,丁巳年製,丁巳年製,substring,True,True,0.178867,
known,Other,drop_first_char,巳年製,丁巳年製,己巳年製,substring,False,False,0.190139,
known,Other,exact_full,戊午年製,戊午年製,戊午年製,exact,True,True,0.253103,
known,Other,drop_last_char,戊午年,戊午年製,戊午年製,substring,True,True,0.199367,
known,Other,drop_first_char,午年製,戊午年製,庚午年製,substring,False,False,0.160598,
known,Other,exact_full,己未年製,己未年製,己未年製,exact,True,True,0.203157,
known,Other,drop_last_char,己未年,己未年製,己未年製,substring,True,True,0.185117,
known,Other,drop_first_char,未年製,己未年製,辛未年製,substring,False,False,0.173463,
known,Other,exact_full,庚申年製,庚申年製,庚申年製,exact,True,True,0.262452,
known,Other,drop_last_char,庚申年,庚申年製,庚申年製,substring,True,True,0.175051,
known,Other,drop_first_char,申年製,庚申年製,壬申年製,substring,False,False,0.16925,
known,Other,exact_full,辛酉年製,辛酉年製,辛酉年製,exact,True,True,0.21272,
known,Other,drop_last_char,辛酉年,辛酉年製,辛酉年製,substring,True,True,0.159653,
known,Other,drop_first_char,酉年製,辛酉年製,癸酉年製,substring,False,False,0.160499,
known,Other,exact_full,壬戌年製,壬戌年製,壬戌年製,exact,True,True,0.207805,
known,Other,drop_last_char,壬戌年,壬戌年製,壬戌年製,substring,True,True,0.174334,
known,Other,drop_first_char,戌年製,壬戌年製,甲戌年製,substring,False,False,0.181307,
known,Other,exact_full,癸亥年製,癸亥年製,癸亥年製,exact,True,True,0.224284,
known,Other,drop_last_char,癸亥年,癸亥年製,癸亥年製,substring,True,True,0.157415,
known,Other,drop_first_char,亥年製,癸亥年製,乙亥年製,substring,False,False,0.154429,
known,Other,exact_full,體和殿製,體和殿製,體和殿製,exact,True,True,0.210142,
known,Other,drop_last_char,體和殿,體和殿製,體和殿製,substring,True,True,0.181294,
known,Other,drop_first_char,和殿製,體和殿製,體和殿製,substring,True,True,0.17711,
known,Other,exact_full,儲秀宮製,儲秀宮製,儲秀宮製,exact,True,True,0.23001,
known,Other,drop_last_char,儲秀宮,儲秀宮製,儲秀宮製,substring,True,True,0.180724,
known,Other,drop_first_char,秀宮製,儲秀宮製,儲秀宮製,substring,True,True,0.182263,
known,Other,exact_full,坤寧宮製,坤寧宮製,坤寧宮製,exact,True,True,0.221777,
known,Other,drop_last_char,坤寧宮,坤寧宮製,坤寧宮製,substring,True,True,0.180407,
known,Other,drop_first_char,寧宮製,坤寧宮製,坤寧宮製,substring,True,True,0.177776,
known,Other,exact_full,長春宮製,長春宮製,長春宮製,exact,True,True,0.222654,
known,Other,drop_last_char,長春宮,長春宮製,長春宮製,exact,True,True,0.204588,
known,Other,drop_first_char,春宮製,長春宮製,長春宮製,substring,True,True,0.209369,
known,Other,exact_full,重華宮製,重華宮製,重華宮製,exact,True,True,0.212102,
known,Other,drop_last_char,重華宮,重華宮製,重華宮製,exact,True,True,0.165009,
known,Other,drop_first_char,華宮製,重華宮製,重華宮製,substring,True,True,0.162617,
known,Other,exact_full,漱芳齋製,漱芳齋製,漱芳齋製,exact,True,True,0.208041,
known,Other,drop_last_char,漱芳齋,漱芳齋製,漱芳齋製,substring,True,True,0.180419,
known,Other,drop_first_char,芳齋製,漱芳齋製,漱芳齋製,substring,True,True,0.186769,
known,Other,exact_full,靜怡軒製,靜怡軒製,靜怡軒製,exact,True,True,0.220079,
known,Other,drop_last_char,靜怡軒,靜怡軒製,靜怡軒製,substring,True,True,0.373357,
known,Other,drop_first_char,怡軒製,靜怡軒製,靜怡軒製,substring,True,True,0.19106,
known,Other,exact_full,浴德堂製,浴德堂製,浴德堂製,exact,True,True,0.297582,
known,Other,drop_last_char,浴德堂,浴德堂製,浴德堂製,substring,True,True,0.264965,
known,Other,drop_first_char,德堂製,浴德堂製,慎德堂製,substring,False,True,0.193852,
known,Other,single_confusion,浴徳堂製,浴德堂製,浴德堂製,fuzzy_tiedecision,True,True,0.251384,
known,Other,exact_full,樂道堂製,樂道堂製,樂道堂製,exact,True,True,0.266039,
known,Other,drop_last_char,樂道堂,樂道堂製,樂道堂製,substring,True,True,0.187392,
known,Other,drop_first_char,道堂製,樂道堂製,樂道堂製,substring,True,True,0.171567,
known,Other,single_confusion,樂遺堂製,樂道堂製,樂道堂製,fuzzy_tiedecision,True,True,0.25084,
known,Vietnam,exact_full,協和年製,協和年製,協和年製,exact,True,True,0.215238,
known,Vietnam,drop_last_char,協和年,協和年製,協和年製,substring,True,True,0.175328,
known,Vietnam,drop_first_char,和年製,協和年製,協和年製,substring,True,True,0.173101,
known,Vietnam,exact_full,光中年製,光中年製,光中年製,exact,True,True,0.228876,
known,Vietnam,drop_last_char,光中年,光中年製,光中年製,substring,True,True,0.170975,
known,Vietnam,drop_first_char,中年製,光中年製,光中年製,substring,True,True,0.164009,
known,Vietnam,single_confusion,先中年製,光中年製,光中年製,fuzzy_tiedecision,True,True,0.237141,
known,Vietnam,exact_full,泰德年製,泰德年製,泰德年製,exact,True,True,0.220533,
known,Vietnam,drop_last_char,泰德年,泰德年製,泰德年製,substring,True,True,0.161135,
known,Vietnam,drop_first_char,德年製,泰德年製,大明宣德年製,substring,False,False,0.195425,
known,Vietnam,single_confusion,泰徳年製,泰德年製,大明泰昌年製,fuzzy_tiedecision,False,True,0.239934,
known,Vietnam,exact_full,景盛年製,景盛年製,景盛年製,exact,True,True,0.206573,
known,Vietnam,drop_last_char,景盛年,景盛年製,景盛年製,substring,True,True,0.170931,
known,Vietnam,drop_first_char,盛年製,景盛年製,景盛年製,substring,True,True,0.166086,
known,Other,exact_full,永樂長春,永樂長春,永樂長春,exact,True,True,0.228955,
known,Other,drop_last_char,永樂長,永樂長春,永樂長春,substring,True,True,0.175927,
known,Other,drop_first_char,樂長春,永樂長春,長春,substring,False,True,0.176611,
known,Other,exact_full,壽山福海,壽山福海,壽山福海,exact,True,True,0.261723,
known,Other,drop_last_char,壽山福,壽山福海,壽山福海,substring,True,True,0.229557,
known,Other,drop_first_char,山福海,壽山福海,壽山福海,substring,True,True,0.218124,
known,Other,exact_full,福壽雙全,福壽雙全,福壽雙全,exact,True,True,0.244493,
known,Other,drop_last_char,福壽雙,福壽雙全,福壽雙全,substring,True,True,0.198162,
known,Other,drop_first_char,壽雙全,福壽雙全,福壽雙全,substring,True,True,0.179079,
known,Other,exact_full,吉祥如意,吉祥如意,吉祥如意,exact,True,True,0.21692,
known,Other,drop_last_char,吉祥如,吉祥如意,吉祥如意,substring,True,True,0.180079,
known,Other,drop_first_char,祥如意,吉祥如意,吉祥如意,substring,True,True,0.177369,
known,Other,exact_full,富貴長春,富貴長春,富貴長春,exact,True,True,0.226143,
known,Other,drop_last_char,富貴長,富貴長春,富貴長春,substring,True,True,0.178673,
known,Other,drop_first_char,貴長春,富貴長春,長春,substring,False,True,0.180372,
known,Other,exact_full,玉堂佳器,玉堂佳器,玉堂佳器,exact,True,True,0.234393,
known,Other,drop_last_char,玉堂佳,玉堂佳器,玉堂佳器,substring,True,True,0.176815,
known,Other,drop_first_char,堂佳器,玉堂佳器,玉堂佳器,substring,True,True,0.174649,
known,Other,exact_full,奇玉寶鼎之珍,奇玉寶鼎之珍,奇玉寶鼎之珍,exact,True,True,0.307808,
known,Other,drop_last_char,奇玉寶鼎之,奇玉寶鼎之珍,奇玉寶鼎之珍,substring,True,True,0.26893,
known,Other,drop_first_char,玉寶鼎之珍,奇玉寶鼎之珍,奇玉寶鼎之珍,substring,True,True,0.273263,
known,Other,wrong_order_pair,玉奇寶鼎之珍,奇玉寶鼎之珍,奇玉寶鼎之珍,fuzzy_tiedecision,True,True,0.326481,
known,Other,exact_full,王炳榮製,王炳榮製,王炳榮製,exact,True,True,0.218776,
known,Other,drop_last_char,王炳榮,王炳榮製,王炳榮製,substring,True,True,0.183625,
known,Other,drop_first_char,炳榮製,王炳榮製,王炳榮製,substring,True,True,0.166765,
known,Other,exact_full,王少林製,王少林製,王少林製,exact,True,True,0.22787,
known,Other,drop_last_char,王少林,王少林製,王少林製,substring,True,True,0.185488,
known,Other,drop_first_char,少林製,王少林製,王少林製,substring,True,True,0.171658,
known,Other,exact_full,程門製,程門製,程門製,exact,True,True,0.168817,
known,Korea,exact_full,許之衡製,許之衡製,許之衡製,exact,True,True,0.210204,
known,Korea,drop_last_char,許之衡,許之衡製,許之衡製,substring,True,True,0.16942,
known,Korea,drop_first_char,之衡製,許之衡製,許之衡製,substring,True,True,0.164766,
known,Other,exact_full,宜興製,宜興製,宜興製,exact,True,True,0.163687,
known,Other,exact_full,石灣製,石灣製,石灣製,exact,True,True,0.17307,
known,Other,exact_full,潮州製,潮州製,潮州製,exact,True,True,0.173854,
known,Other,exact_full,福建製,福建製,福建製,exact,True,True,0.160417,
known,Japan,exact_full,大日本製,大日本製,大日本製,exact,True,True,0.202604,
known,Japan,drop_last_char,大日本,大日本製,大日本,exact,False,True,0.164617,
known,Japan,drop_first_char,日本製,大日本製,大日本製,exact,True,True,0.162985,
known,Japan,exact_full,大日本帝國製,大日本帝國製,大日本帝國製,exact,True,True,0.294156,
known,Japan,drop_last_char,大日本帝國,大日本帝國製,大日本帝國製,substring,True,True,0.254329,
known,Japan,drop_first_char,日本帝國製,大日本帝國製,大日本帝國製,substring,True,True,0.251566,
known,Japan,wrong_order_pair,日大本帝國製,大日本帝國製,大理前國製,substring,False,True,0.293938,
known,Japan,exact_full,鳴海製,鳴海製,鳴海製,exact,True,True,0.163206,
known,Vietnam,exact_full,內府侍右,內府侍右,內府侍右,exact,True,True,0.214144,
known,Vietnam,drop_last_char,內府侍,內府侍右,內府,substring,False,False,0.169809,
known,Vietnam,drop_first_char,府侍右,內府侍右,內府侍右,substring,True,True,0.170558,
known,Vietnam,exact_full,內府侍旨,內府侍旨,內府侍旨,exact,True,True,0.215,
known,Vietnam,drop_last_char,內府侍,內府侍旨,內府,substring,False,True,0.168654,
known,Vietnam,drop_first_char,府侍旨,內府侍旨,內府侍旨,substring,True,True,0.169598,
known,Vietnam,exact_full,內府侍左,內府侍左,內府侍左,exact,True,True,0.217044,
known,Vietnam,drop_last_char,內府侍,內府侍左,內府,substring,False,False,0.169821,
known,Vietnam,drop_first_char,府侍左,內府侍左,內府侍左,substring,True,True,0.172627,
known,Other,exact_full,滿福堂記,滿福堂記,滿福堂記,exact,True,True,0.213713,
known,Other,drop_last_char,滿福堂,滿福堂記,滿福堂記,substring,True,True,0.170154,
known,Other,drop_first_char,福堂記,滿福堂記,滿福堂記,substring,True,True,0.168951,
known,Vietnam,exact_full,順天年製,順天年製,順天年製,exact,True,True,0.198747,
known,Vietnam,drop_last_char,順天年,順天年製,順天年製,substring,True,True,0.159954,
known,Vietnam,drop_first_char,天年製,順天年製,順天年製,substring,True,True,0.15563,
known,Korea,exact_full,天成年製,天成年製,天成年製,exact,True,True,0.199079,
known,Korea,drop_last_char,天成年,天成年製,天成年製,substring,True,True,0.157661,
known,Korea,drop_first_char,成年製,天成年製,天成年製,substring,True,True,0.16087,
known,Korea,single_confusion,天咸年製,天成年製,大明天順年製,fuzzy_tiedecision,False,True,0.219309,
known,Vietnam,exact_full,龍瑞太平年製,龍瑞太平年製,龍瑞太平年製,exact,True,True,0.27844,
known,Vietnam,short_mark,太平年製,龍瑞太平年製,龍瑞太平年製,exact,True,True,0.191573,
known,Vietnam,drop_last_char,龍瑞太平年,龍瑞太平年製,龍瑞太平年製,substring,True,True,0.243069,
known,Vietnam,drop_first_char,瑞太平年製,龍瑞太平年製,龍瑞太平年製,substring,True,True,0.240356,
known,Vietnam,wrong_order_pair,瑞龍太平年製,龍瑞太平年製,龍瑞太平年製,substring,True,True,0.280276,
known,Vietnam,exact_full,天應政平年製,天應政平年製,天應政平年製,exact,True,True,0.276753,
known,Vietnam,short_mark,政平年製,天應政平年製,天應政平年製,exact,True,True,0.193486,
known,Vietnam,drop_last_char,天應政平年,天應政平年製,天應政平年製,substring,True,True,0.243881,
known,Vietnam,drop_first_char,應政平年製,天應政平年製,天應政平年製,substring,True,True,0.242365,
known,Vietnam,wrong_order_pair,應天政平年製,天應政平年製,天應政平年製,substring,True,True,0.276801,
known,Vietnam,exact_full,紹寶年製,紹寶年製,紹寶年製,exact,True,True,0.19928,
known,Vietnam,drop_last_char,紹寶年,紹寶年製,紹寶年製,substring,True,True,0.159594,
known,Vietnam,drop_first_char,寶年製,紹寶年製,紹寶年製,substring,True,True,0.157275,
known,Vietnam,exact_full,興隆年製,興隆年製,興隆年製,exact,True,True,0.197194,
known,Vietnam,drop_last_char,興隆年,興隆年製,興隆年製,substring,True,True,0.157675,
known,Vietnam,drop_first_char,隆年製,興隆年製,大清乾隆年製,substring,False,False,0.156025,
known,Vietnam,single_confusion,興蓬年製,興隆年製,興隆年製,fuzzy_tiedecision,True,True,0.219818,
known,Vietnam,exact_full,開泰年製,開泰年製,開泰年製,exact,True,True,0.196625,
known,Vietnam,drop_last_char,開泰年,開泰年製,開泰年製,substring,True,True,0.170296,
known,Vietnam,drop_first_char,泰年製,開泰年製,大明景泰年製,substring,False,True,0.154054,
known,Korea,exact_full,紹成年製,紹成年製,紹成年製,exact,True,True,0.200172,
known,Korea,drop_last_char,紹成年,紹成年製,紹成年製,substring,True,True,0.162703,
known,Korea,drop_first_char,成年製,紹成年製,天成年製,substring,False,True,0.160506,
known,Korea,single_confusion,紹咸年製,紹成年製,紹治年製,fuzzy_tiedecision,False,False,0.221671,
known,Vietnam,exact_full,順天年製,順天年製,順天年製,exact,True,True,0.198245,
known,Vietnam,drop_last_char,順天年,順天年製,順天年製,substring,True,True,0.158515,
known,Vietnam,drop_first_char,天年製,順天年製,順天年製,substring,True,True,0.153903,
known,Vietnam,exact_full,光順年製,光順年製,光順年製,exact,True,True,0.20042,
known,Vietnam,drop_last_char,光順年,光順年製,光順年製,substring,True,True,0.160606,
known,Vietnam,drop_first_char,順年製,光順年製,大明天順年製,substring,False,True,0.155043,
known,Vietnam,single_confusion,先順年製,光順年製,大明天順年製,fuzzy_tiedecision,False,True,0.224645,
known,Vietnam,exact_full,洪德年製,洪德年製,洪德年製,exact,True,True,0.203017,
known,Vietnam,drop_last_char,洪德年,洪德年製,洪德年製,substring,True,True,0.162594,
known,Vietnam,drop_first_char,德年製,洪德年製,大明宣德年製,substring,False,False,0.154292,
known,Vietnam,single_confusion,洪徳年製,洪德年製,大明洪武年製,fuzzy_tiedecision,False,True,0.220769,
known,Vietnam,exact_full,永盛年製,永盛年製,永盛年製,exact,True,True,0.196381,
known,Vietnam,drop_last_char,永盛年,永盛年製,永盛年製,substring,True,True,0.156602,
known,Vietnam,drop_first_char,盛年製,永盛年製,景盛年製,substring,False,True,0.158652,
known,Vietnam,exact_full,景興年製,景興年製,景興年製,exact,True,True,0.196413,
known,Vietnam,drop_last_char,景興年,景興年製,景興年製,substring,True,True,0.157759,
known,Vietnam,drop_first_char,興年製,景興年製,景興年製,substring,True,True,0.153366,
known,Vietnam,exact_full,泰德年製,泰德年製,泰德年製,exact,True,True,0.196121,
known,Vietnam,drop_last_char,泰德年,泰德年製,泰德年製,substring,True,True,0.157482,
known,Vietnam,drop_first_char,德年製,泰德年製,大明宣德年製,substring,False,False,0.156004,
known,Vietnam,single_confusion,泰徳年製,泰德年製,大明泰昌年製,fuzzy_tiedecision,False,True,0.220402,
known,Vietnam,exact_full,光中年製,光中年製,光中年製,exact,True,True,0.199639,
known,Vietnam,drop_last_char,光中年,光中年製,光中年製,substring,True,True,0.161437,
known,Vietnam,drop_first_char,中年製,光中年製,光中年製,substring,True,True,0.159124,
known,Vietnam,single_confusion,先中年製,光中年製,光中年製,fuzzy_tiedecision,True,True,0.233352,
known,Vietnam,exact_full,景盛年製,景盛年製,景盛年製,exact,True,True,0.204398,
known,Vietnam,drop_last_char,景盛年,景盛年製,景盛年製,substring,True,True,0.163216,
known,Vietnam,drop_first_char,盛年製,景盛年製,景盛年製,substring,True,True,0.161147,
known,Japan,exact_full,九谷造,九谷造,九谷造,exact,True,True,0.162454,
known,Japan,exact_full,大日本九谷造,大日本九谷造,大日本九谷造,exact,True,True,0.304529,
known,Japan,short_mark,九谷造,大日本九谷造,九谷造,exact,True,True,0.164738,
known,Japan,drop_last_char,大日本九谷,大日本九谷造,大日本九谷造,substring,True,True,0.25409,
known,Japan,drop_first_char,日本九谷造,大日本九谷造,大日本九谷造,exact,True,True,0.264031,
known,Japan,wrong_order_pair,日大本九谷造,大日本九谷造,九谷造,substring,True,True,0.290767,
known,Japan,exact_full,薩摩,薩摩,薩摩,exact,True,True,0.115725,
known,Japan,exact_full,大日本薩摩,大日本薩摩,大日本薩摩,exact,True,True,0.25191,
known,Japan,short_mark,薩摩,大日本薩摩,薩摩,exact,True,True,0.115418,
known,Japan,drop_last_char,大日本薩,大日本薩摩,大日本薩摩,substring,True,True,0.217093,
known,Japan,drop_first_char,日本薩摩,大日本薩摩,大日本薩摩,exact,True,True,0.211442,
known,Japan,exact_full,有田製,有田製,有田製,exact,True,True,0.163959,
known,Japan,exact_full,伊萬里,伊萬里,伊萬里,exact,True,True,0.168012,
known,Japan,exact_full,大日本,大日本,大日本,exact,True,True,0.165657,
known,Japan,exact_full,香蘭社,香蘭社,香蘭社,exact,True,True,0.165658,
known,Korea,exact_full,朝鮮,朝鮮,朝鮮,exact,True,True,0.11698,
known,Korea,exact_full,朝鮮國,朝鮮國,朝鮮,exact,True,True,0.16762,
known,Korea,exact_full,李朝,李朝,李朝,exact,True,True,0.117828,
known,Korea,exact_full,分院,分院,分院,exact,True,True,0.116814,
known,Korea,exact_full,高麗,高麗,高麗,exact,True,True,0.118498,
known,Korea,exact_full,司饔院,司饔院,司饔院,exact,True,True,0.167918,
known,Korea,exact_full,官窯,官窯,官窯,exact,True,True,0.116804,
known,Korea,exact_full,御用,御用,御製,exact,False,True,0.113627,
known,Korea,exact_full,王室御用,王室御用,王室御用,exact,True,True,0.219641,
known,Korea,drop_last_char,王室御,王室御用,王室御用,substring,True,True,0.173236,
known,Korea,drop_first_char,室御用,王室御用,御製,substring,False,True,0.175174,
known,Korea,exact_full,內用,內用,內用,exact,True,True,0.11881,
known,Korea,exact_full,內府,內府,內府,exact,True,True,0.1175,
known,Korea,exact_full,禮賓寺,禮賓寺,禮賓寺,exact,True,True,0.169422,
known,Korea,exact_full,仁壽府,仁壽府,仁壽府,exact,True,True,0.170437,
known,Korea,exact_full,壽進宮,壽進宮,壽進宮,exact,True,True,0.16574,
known,Korea,exact_full,明禮宮,明禮宮,明禮宮,exact,True,True,0.166137,
known,Korea,exact_full,龍,龍,龍,exact,True,True,0.066918,
known,Korea,exact_full,福,福,福,exact,True,True,0.064329,
known,Korea,exact_full,壽,壽,壽,exact,True,True,0.064896,
known,Korea,exact_full,囍,囍,囍,exact,True,True,0.065944,
known,Korea,exact_full,祭器,祭器,祭器,exact,True,True,0.115718,
known,Korea,exact_full,白磁,白磁,白磁,exact,True,True,0.116032,
known,Korea,exact_full,青華,青華,青華,exact,True,True,0.117842,
known,Korea,exact_full,青磁,青磁,青磁,exact,True,True,0.116624,
known,Korea,exact_full,粉青沙器,粉青沙器,粉青沙器,exact,True,True,0.217148,
known,Korea,short_mark,粉青,粉青沙器,粉青沙器,exact,True,True,0.116051,
known,Korea,drop_last_char,粉青沙,粉青沙器,粉青沙器,substring,True,True,0.175036,
known,Korea,drop_first_char,青沙器,粉青沙器,粉青沙器,substring,True,True,0.167547,
known,Korea,exact_full,全州,全州,全州,exact,True,True,0.11704,
known,Korea,exact_full,廣州,廣州,廣州,exact,True,True,0.117059,
known,Korea,exact_full,金海,金海,金海,exact,True,True,0.115492,
known,Korea,exact_full,釜山,釜山,釜山,exact,True,True,0.113333,
known,Korea,exact_full,朝鮮美術,朝鮮美術,朝鮮美術,exact,True,True,0.21216,
known,Korea,drop_last_char,朝鮮美,朝鮮美術,朝鮮,substring,False,True,0.171734,
known,Korea,drop_first_char,鮮美術,朝鮮美術,朝鮮美術,substring,True,True,0.165486,
known,Korea,exact_full,韓國,韓國,韓國,exact,True,True,0.114638,
known,China,exact_full,中華民國,中華民國,中華民國,exact,True,True,0.21801,
known,China,short_mark,民國,中華民國,中華民國,exact,True,True,0.121527,
known,China,drop_last_char,中華民,中華民國,中華民國,substring,True,True,0.167183,
known,China,drop_first_char,華民國,中華民國,中華民國,substring,True,True,0.164141,
known,Other,exact_full,民國年製,民國年製,民國年製,exact,True,True,0.198177,
known,Other,drop_last_char,民國年,民國年製,中華民國,substring,False,True,0.158965,
known,Other,drop_first_char,國年製,民國年製,民國年製,substring,True,True,0.161871,
known,Other,exact_full,居仁堂製,居仁堂製,居仁堂製,exact,True,True,0.206703,
known,Other,drop_last_char,居仁堂,居仁堂製,居仁堂製,exact,True,True,0.166302,
known,Other,drop_first_char,仁堂製,居仁堂製,居仁堂製,substring,True,True,0.162532,
known,Other,exact_full,慎德堂製,慎德堂製,慎德堂製,exact,True,True,0.20552,
known,Other,drop_last_char,慎德堂,慎德堂製,慎德堂製,exact,True,True,0.167699,
known,Other,drop_first_char,德堂製,慎德堂製,慎德堂製,substring,True,True,0.163099,
known,Other,single_confusion,慎徳堂製,慎德堂製,慎德堂製,fuzzy_tiedecision,True,True,0.226438,
known,Other,exact_full,儲秀宮製,儲秀宮製,儲秀宮製,exact,True,True,0.20637,
known,Other,drop_last_char,儲秀宮,儲秀宮製,儲秀宮製,substring,True,True,0.170483,
known,Other,drop_first_char,秀宮製,儲秀宮製,儲秀宮製,substring,True,True,0.162272,
known,Other,exact_full,樂善堂製,樂善堂製,樂善堂製,exact,True,True,0.212314,
known,Other,drop_last_char,樂善堂,樂善堂製,樂善堂製,exact,True,True,0.167436,
known,Other,drop_first_char,善堂製,樂善堂製,樂善堂製,substring,True,True,0.163362,
known,Other,exact_full,養心殿製,養心殿製,養心殿製,exact,True,True,0.207491,
known,Other,drop_last_char,養心殿,養心殿製,養心殿製,substring,True,True,0.164522,
known,Other,drop_first_char,心殿製,養心殿製,養心殿製,substring,True,True,0.16143,
known,Other,exact_full,文石山房,文石山房,文石山房,exact,True,True,0.212776,
known,Other,drop_last_char,文石山,文石山房,文石山房,substring,True,True,0.16731,
known,Other,drop_first_char,石山房,文石山房,文石山房,substring,True,True,0.169147,
known,Other,exact_full,博古齋,博古齋,博古齋,exact,True,True,0.164523,
known,Other,exact_full,若深珍藏,若深珍藏,若深珍藏,exact,True,True,0.206785,
known,Other,drop_last_char,若深珍,若深珍藏,若深珍藏,substring,True,True,0.167964,
known,Other,drop_first_char,深珍藏,若深珍藏,若深珍藏,substring,True,True,0.168931,
known,Other,exact_full,若深堂藏,若深堂藏,若深堂藏,exact,True,True,0.211973,
known,Other,drop_last_char,若深堂,若深堂藏,若深堂藏,substring,True,True,0.165318,
known,Other,drop_first_char,深堂藏,若深堂藏,若深堂藏,substring,True,True,0.167222,
known,Other,exact_full,雅玩,雅玩,雅玩,exact,True,True,0.114958,
known,China,exact_full,清賞,清賞,清賞,exact,True,True,0.114705,
known,Other,exact_full,珍藏,珍藏,珍藏,exact,True,True,0.114368,
known,Other,exact_full,玩玉,玩玉,玩玉,exact,True,True,0.115105,
known,Other,exact_full,古香齋,古香齋,古香齋,exact,True,True,0.163459,
known,Other,exact_full,墨緣齋,墨緣齋,墨緣齋,exact,True,True,0.163107,
known,Other,exact_full,寶善堂,寶善堂,寶善堂,exact,True,True,0.163443,
known,Other,exact_full,榮寶齋,榮寶齋,榮寶齋,exact,True,True,0.164185,
known,Other,exact_full,寶華堂,寶華堂,寶華堂,exact,True,True,0.163397,
known,Korea,exact_full,翰墨軒,翰墨軒,翰墨軒,exact,True,True,0.163164,
known,Other,exact_full,松竹齋,松竹齋,松竹齋,exact,True,True,0.167745,
known,Other,exact_full,集雅齋,集雅齋,集雅齋,exact,True,True,0.162733,
known,Other,exact_full,聽雨軒,聽雨軒,聽雨軒,exact,True,True,0.170161,
known,China,exact_full,清雅堂,清雅堂,清雅堂,exact,True,True,0.16708,
known,Other,exact_full,古月軒,古月軒,古月軒,exact,True,True,0.163299,
known,Other,exact_full,延年益壽,延年益壽,延年益壽,exact,True,True,0.205983,
known,Other,drop_last_char,延年益,延年益壽,延年益壽,substring,True,True,0.161176,
known,Other,drop_first_char,年益壽,延年益壽,壽,substring,False,True,0.159274,
known,Other,exact_full,富貴長春,富貴長春,富貴長春,exact,True,True,0.21399,
known,Other,drop_last_char,富貴長,富貴長春,富貴長春,substring,True,True,0.169056,
known,Other,drop_first_char,貴長春,富貴長春,長春,substring,False,True,0.165826,
known,China,exact_full,長命富貴,長命富貴,長命富貴,exact,True,True,0.211861,
known,China,drop_last_char,長命富,長命富貴,長命富貴,substring,True,True,0.167684,
known,China,drop_first_char,命富貴,長命富貴,長命富貴,substring,True,True,0.171275,
known,Other,exact_full,吉祥如意,吉祥如意,吉祥如意,exact,True,True,0.21339,
known,Other,drop_last_char,吉祥如,吉祥如意,吉祥如意,substring,True,True,0.165752,
known,Other,drop_first_char,祥如意,吉祥如意,吉祥如意,substring,True,True,0.165318,
known,Other,exact_full,福壽康寧,福壽康寧,福壽康寧,exact,True,True,0.218732,
known,Other,drop_last_char,福壽康,福壽康寧,福壽康寧,substring,True,True,0.166518,
known,Other,drop_first_char,壽康寧,福壽康寧,福壽康寧,substring,True,True,0.166153,
known,Other,single_confusion,福壽庚寧,福壽康寧,福,substring,False,True,0.213057,
known,Other,exact_full,萬壽無疆,萬壽無疆,萬壽無疆,exact,True,True,0.210265,
known,Other,drop_last_char,萬壽無,萬壽無疆,萬壽無疆,substring,True,True,0.169131,
known,Other,drop_first_char,壽無疆,萬壽無疆,萬壽無疆,substring,True,True,0.164394,
known,Other,exact_full,天下太平,天下太平,天下太平,exact,True,True,0.20776,
known,Other,drop_last_char,天下太,天下太平,天下太平,substring,True,True,0.162601,
known,Other,drop_first_char,下太平,天下太平,天下太平,substring,True,True,0.158969,
known,Other,exact_full,五福臨門,五福臨門,五福臨門,exact,True,True,0.216725,
known,Other,drop_last_char,五福臨,五福臨門,福,substring,False,True,0.169318,
known,Other,drop_first_char,福臨門,五福臨門,福,substring,False,True,0.17164,
known,Other,exact_full,福祿壽喜,福祿壽喜,福祿壽喜,exact,True,True,0.218072,
known,Other,drop_last_char,福祿壽,福祿壽喜,福,substring,False,True,0.172611,
known,Other,drop_first_char,祿壽喜,福祿壽喜,壽,substring,False,True,0.167041,
known,Other,exact_full,金玉滿堂,金玉滿堂,金玉滿堂,exact,True,True,0.214427,
known,Other,drop_last_char,金玉滿,金玉滿堂,金玉滿堂,substring,True,True,0.170694,
known,Other,drop_first_char,玉滿堂,金玉滿堂,金玉滿堂,substring,True,True,0.170794,
known,Other,exact_full,百福百壽,百福百壽,百福百壽,exact,True,True,0.211908,
known,Other,drop_last_char,百福百,百福百壽,福,substring,False,True,0.16572,
known,Other,drop_first_char,福百壽,百福百壽,福,substring,False,True,0.169282,
known,Other,exact_full,壽比南山,壽比南山,壽比南山,exact,True,True,0.212931,
known,Other,drop_last_char,壽比南,壽比南山,壽,substring,False,True,0.169079,
known,Other,drop_first_char,比南山,壽比南山,壽比南山,substring,True,True,0.168475,
known,Other,exact_full,紫氣東來,紫氣東來,紫氣東來,exact,True,True,0.211827,
known,Other,drop_last_char,紫氣東,紫氣東來,紫氣東來,substring,True,True,0.170246,
known,Other,drop_first_char,氣東來,紫氣東來,紫氣東來,substring,True,True,0.172127,
known,Other,exact_full,四海昇平,四海昇平,四海昇平,exact,True,True,0.2049,
known,Other,drop_last_char,四海昇,四海昇平,四海昇平,substring,True,True,0.168802,
known,Other,drop_first_char,海昇平,四海昇平,四海昇平,substring,True,True,0.162288,
known,Japan,exact_full,大日本九谷造,大日本九谷造,大日本九谷造,exact,True,True,0.295334,
known,Japan,short_mark,九谷造,大日本九谷造,九谷造,exact,True,True,0.163189,
known,Japan,drop_last_char,大日本九谷,大日本九谷造,大日本九谷造,substring,True,True,0.260334,
known,Japan,drop_first_char,日本九谷造,大日本九谷造,大日本九谷造,exact,True,True,0.247527,
known,Japan,wrong_order_pair,日大本九谷造,大日本九谷造,九谷造,substring,True,True,0.289764,
known,Japan,exact_full,九谷造,九谷造,九谷造,exact,True,True,0.16283,
known,Japan,exact_full,大日本薩摩,大日本薩摩,大日本薩摩,exact,True,True,0.255331,
known,Japan,short_mark,薩摩,大日本薩摩,薩摩,exact,True,True,0.114801,
known,Japan,drop_last_char,大日本薩,大日本薩摩,大日本薩摩,substring,True,True,0.21273,
known,Japan,drop_first_char,日本薩摩,大日本薩摩,大日本薩摩,exact,True,True,0.211793,
known,Japan,exact_full,有田燒,有田燒,有田製,exact,True,True,0.165274,
known,Japan,exact_full,伊萬里製,伊萬里製,伊萬里製,exact,True,True,0.209366,
known,Japan,drop_last_char,伊萬里,伊萬里製,伊萬里,exact,False,True,0.169052,
known,Japan,drop_first_char,萬里製,伊萬里製,伊萬里製,substring,True,True,0.166382,
known,Japan,exact_full,瀨戶製,瀨戶製,瀨戶製,exact,True,True,0.162883,
known,Japan,exact_full,瀨戶燒,瀨戶燒,瀨戶燒,exact,True,True,0.163998,
known,Japan,exact_full,京燒,京燒,京燒,exact,True,True,0.113763,
known,Japan,exact_full,清水燒,清水燒,清水燒,exact,True,True,0.163731,
known,Japan,exact_full,深川製磁,深川製磁,深川製磁,exact,True,True,0.208623,
known,Japan,drop_last_char,深川製,深川製磁,深川製磁,substring,True,True,0.16114,
known,Japan,drop_first_char,川製磁,深川製磁,深川製磁,substring,True,True,0.164274,
known,Japan,exact_full,則武,則武,則武,exact,True,True,0.116413,
known,Japan,exact_full,錦光山,錦光山,錦光山,exact,True,True,0.17337,
known,Japan,single_confusion,錦先山,錦光山,錦光山,fuzzy_tiedecision,True,True,0.188802,
known,Other,exact_full,居仁堂製,居仁堂製,居仁堂製,exact,True,True,0.208252,
known,Other,drop_last_char,居仁堂,居仁堂製,居仁堂製,exact,True,True,0.166564,
known,Other,drop_first_char,仁堂製,居仁堂製,居仁堂製,substring,True,True,0.166346,
known,Other,exact_full,慎德堂製,慎德堂製,慎德堂製,exact,True,True,0.209786,
known,Other,drop_last_char,慎德堂,慎德堂製,慎德堂製,exact,True,True,0.168451,
known,Other,drop_first_char,德堂製,慎德堂製,慎德堂製,substring,True,True,0.16459,
known,Other,single_confusion,慎徳堂製,慎德堂製,慎德堂製,fuzzy_tiedecision,True,True,0.226892,
known,Other,exact_full,樂善堂製,樂善堂製,樂善堂製,exact,True,True,0.210878,
known,Other,drop_last_char,樂善堂,樂善堂製,樂善堂製,exact,True,True,0.168619,
known,Other,drop_first_char,善堂製,樂善堂製,樂善堂製,substring,True,True,0.163867,
known,Other,exact_full,長春宮製,長春宮製,長春宮製,exact,True,True,0.206035,
known,Other,drop_last_char,長春宮,長春宮製,長春宮製,exact,True,True,0.166515,
known,Other,drop_first_char,春宮製,長春宮製,長春宮製,substring,True,True,0.165168,
known,Other,exact_full,重華宮製,重華宮製,重華宮製,exact,True,True,0.207438,
known,Other,drop_last_char,重華宮,重華宮製,重華宮製,exact,True,True,0.164344,
known,Other,drop_first_char,華宮製,重華宮製,重華宮製,substring,True,True,0.16257,
known,Other,exact_full,延禧宮製,延禧宮製,延禧宮製,exact,True,True,0.206563,
known,Other,drop_last_char,延禧宮,延禧宮製,延禧宮製,exact,True,True,0.164213,
known,Other,drop_first_char,禧宮製,延禧宮製,延禧宮製,substring,True,True,0.164387,
known,Other,exact_full,咸福宮製,咸福宮製,咸福宮製,exact,True,True,0.208825,
known,Other,drop_last_char,咸福宮,咸福宮製,咸福宮製,exact,True,True,0.167159,
known,Other,drop_first_char,福宮製,咸福宮製,福,substring,False,True,0.163266,
known,Other,exact_full,永和宮製,永和宮製,永和宮製,exact,True,True,0.204937,
known,Other,drop_last_char,永和宮,永和宮製,永和宮製,exact,True,True,0.167344,
known,Other,drop_first_char,和宮製,永和宮製,永和宮製,substring,True,True,0.170781,
known,Other,exact_full,建隆年製,建隆年製,建隆年製,exact,True,True,0.205524,
known,Other,drop_last_char,建隆年,建隆年製,建隆年製,substring,True,True,0.158622,
known,Other,drop_first_char,隆年製,建隆年製,大清乾隆年製,substring,False,False,0.156415,
known,Other,single_confusion,建蓬年製,建隆年製,大明建文年製,fuzzy_tiedecision,False,True,0.224885,
known,Other,exact_full,乾德年製,乾德年製,乾德年製,exact,True,True,0.199339,
known,Other,drop_last_char,乾德年,乾德年製,乾德年製,substring,True,True,0.157819,
known,Other,drop_first_char,德年製,乾德年製,大明宣德年製,substring,False,False,0.153478,
known,Other,single_confusion,輪德年製,乾德年製,大明宣德年製,fuzzy_tiedecision,False,False,0.21983,
known,Other,exact_full,開寶年製,開寶年製,開寶年製,exact,True,True,0.197308,
known,Other,drop_last_char,開寶年,開寶年製,開寶年製,substring,True,True,0.156728,
known,Other,drop_first_char,寶年製,開寶年製,紹寶年製,substring,False,True,0.153898,
known,Other,exact_full,太平興國年製,太平興國年製,太平興國年製,exact,True,True,0.269381,
known,Other,short_mark,興國年製,太平興國年製,太平興國年製,exact,True,True,0.194732,
known,Other,drop_last_char,太平興國年,太平興國年製,太平興國年製,substring,True,True,0.249169,
known,Other,drop_first_char,平興國年製,太平興國年製,太平興國年製,substring,True,True,0.241696,
known,Other,wrong_order_pair,平太興國年製,太平興國年製,太平興國年製,substring,True,True,0.273661,
known,Other,exact_full,雍熙年製,雍熙年製,雍熙年製,exact,True,True,0.199713,
known,Other,drop_last_char,雍熙年,雍熙年製,雍熙年製,substring,True,True,0.158493,
known,Other,drop_first_char,熙年製,雍熙年製,大明洪熙年製,substring,False,False,0.156174,
known,Other,single_confusion,雄熙年製,雍熙年製,大明洪熙年製,fuzzy_tiedecision,False,False,0.21903,
known,Other,exact_full,端拱年製,端拱年製,端拱年製,exact,True,True,0.199452,
known,Other,drop_last_char,端拱年,端拱年製,端拱年製,substring,True,True,0.160757,
known,Other,drop_first_char,拱年製,端拱年製,端拱年製,substring,True,True,0.153233,
known,Other,exact_full,淳化年製,淳化年製,淳化年製,exact,True,True,0.19565,
known,Other,drop_last_char,淳化年,淳化年製,淳化年製,substring,True,True,0.160139,
known,Other,drop_first_char,化年製,淳化年製,大明成化年製,substring,False,False,0.155531,
known,Other,single_confusion,淳花年製,淳化年製,淳化年製,fuzzy_tiedecision,True,True,0.214972,
known,Other,exact_full,至道年製,至道年製,至道年製,exact,True,True,0.196178,
known,Other,drop_last_char,至道年,至道年製,至道年製,substring,True,True,0.165629,
known,Other,drop_first_char,道年製,至道年製,至道年製,substring,True,True,0.15834,
known,Other,single_confusion,至遺年製,至道年製,至道年製,fuzzy_tiedecision,True,True,0.222738,
known,Other,exact_full,咸平年製,咸平年製,咸平年製,exact,True,True,0.192345,
known,Other,drop_last_char,咸平年,咸平年製,咸平年製,substring,True,True,0.156555,
known,Other,drop_first_char,平年製,咸平年製,龍瑞太平年製,substring,False,True,0.177246,
known,Other,exact_full,景德年製,景德年製,景德年製,exact,True,True,0.221509,
known,Other,drop_last_char,景德年,景德年製,景德年製,substring,True,True,0.169226,
known,Other,drop_first_char,德年製,景德年製,大明宣德年製,substring,False,False,0.165187,
known,Other,single_confusion,景徳年製,景德年製,大明景泰年製,fuzzy_tiedecision,False,True,0.218855,
known,China,exact_full,大中祥符年製,大中祥符年製,大中祥符年製,exact,True,True,0.284757,
known,China,short_mark,祥符年製,大中祥符年製,大中祥符年製,exact,True,True,0.206752,
known,China,drop_last_char,大中祥符年,大中祥符年製,大中祥符年製,substring,True,True,0.251238,
known,China,drop_first_char,中祥符年製,大中祥符年製,大中祥符年製,substring,True,True,0.245669,
known,China,wrong_order_pair,中大祥符年製,大中祥符年製,大中祥符年製,substring,True,True,0.289242,
known,Other,exact_full,天禧年製,天禧年製,天禧年製,exact,True,True,0.199575,
known,Other,drop_last_char,天禧年,天禧年製,天禧年製,substring,True,True,0.157073,
known,Other,drop_first_char,禧年製,天禧年製,天禧年製,substring,True,True,0.156816,
known,Other,exact_full,乾興年製,乾興年製,乾興年製,exact,True,True,0.197979,
known,Other,drop_last_char,乾興年,乾興年製,乾興年製,substring,True,True,0.158293,
known,Other,drop_first_char,興年製,乾興年製,景興年製,substring,False,True,0.159868,
known,Other,single_confusion,輪興年製,乾興年製,景興年製,fuzzy_tiedecision,False,True,0.223165,
known,Other,exact_full,天聖年製,天聖年製,天聖年製,exact,True,True,0.19603,
known,Other,drop_last_char,天聖年,天聖年製,天聖年製,substring,True,True,0.158159,
known,Other,drop_first_char,聖年製,天聖年製,天聖年製,substring,True,True,0.157664,
known,Other,exact_full,明道年製,明道年製,明道年製,exact,True,True,0.199542,
known,Other,drop_last_char,明道年,明道年製,明道年製,substring,True,True,0.159356,
known,Other,drop_first_char,道年製,明道年製,至道年製,substring,False,True,0.162117,
known,Other,single_confusion,明遺年製,明道年製,明命年製,fuzzy_tiedecision,False,True,0.222765,
known,Other,exact_full,景祐年製,景祐年製,景祐年製,exact,True,True,0.198858,
known,Other,drop_last_char,景祐年,景祐年製,景祐年製,substring,True,True,0.162378,
known,Other,drop_first_char,祐年製,景祐年製,景祐年製,substring,True,True,0.168312,
known,Other,exact_full,寶元年製,寶元年製,寶元年製,exact,True,True,0.198645,
known,Other,drop_last_char,寶元年,寶元年製,寶元年製,substring,True,True,0.166844,
known,Other,drop_first_char,元年製,寶元年製,寶元年製,substring,True,True,0.161153,
known,Other,exact_full,康定年製,康定年製,康定年製,exact,True,True,0.196844,
known,Other,drop_last_char,康定年,康定年製,康定年製,substring,True,True,0.160268,
known,Other,drop_first_char,定年製,康定年製,啟定年製,substring,False,True,0.174793,
known,Other,single_confusion,庚定年製,康定年製,啟定年製,fuzzy_tiedecision,False,True,0.235149,
known,Other,exact_full,慶曆年製,慶曆年製,慶曆年製,exact,True,True,0.207495,
known,Other,drop_last_char,慶曆年,慶曆年製,慶曆年製,substring,True,True,0.169233,
known,Other,drop_first_char,曆年製,慶曆年製,大明萬曆年製,substring,False,True,0.162007,
known,Other,single_confusion,慶歴年製,慶曆年製,慶曆年製,fuzzy_tiedecision,True,True,0.226467,
known,Other,exact_full,皇祐年製,皇祐年製,皇祐年製,exact,True,True,0.197773,
known,Other,drop_last_char,皇祐年,皇祐年製,皇祐年製,substring,True,True,0.167796,
known,Other,drop_first_char,祐年製,皇祐年製,景祐年製,substring,False,True,0.168936,
known,Other,exact_full,至和年製,至和年製,至和年製,exact,True,True,0.19769,
known,Other,drop_last_char,至和年,至和年製,至和年製,substring,True,True,0.158128,
known,Other,drop_first_char,和年製,至和年製,協和年製,substring,False,True,0.155186,
known,Other,exact_full,嘉祐年製,嘉祐年製,嘉祐年製,exact,True,True,0.201984,
known,Other,drop_last_char,嘉祐年,嘉祐年製,嘉祐年製,substring,True,True,0.157512,
known,Other,drop_first_char,祐年製,嘉祐年製,景祐年製,substring,False,True,0.161252,
known,Other,exact_full,治平年製,治平年製,治平年製,exact,True,True,0.194536,
known,Other,drop_last_char,治平年,治平年製,治平年製,substring,True,True,0.157843,
known,Other,drop_first_char,平年製,治平年製,龍瑞太平年製,substring,False,False,0.15616,
known,Other,single_confusion,冶平年製,治平年製,龍瑞太平年製,fuzzy_tiedecision,False,True,0.216848,
known,Other,exact_full,熙寧年製,熙寧年製,熙寧年製,exact,True,True,0.195387,
known,Other,drop_last_char,熙寧年,熙寧年製,熙寧年製,substring,True,True,0.156141,
known,Other,drop_first_char,寧年製,熙寧年製,熙寧年製,substring,True,True,0.156656,
known,Other,single_confusion,照寧年製,熙寧年製,熙寧年製,fuzzy_tiedecision,True,True,0.22263,
known,Other,exact_full,元豐年製,元豐年製,元豐年製,exact,True,True,0.196308,
known,Other,drop_last_char,元豐年,元豐年製,元豐年製,substring,True,True,0.159067,
known,Other,drop_first_char,豐年製,元豐年製,大清咸豐年製,substring,False,True,0.158072,
known,Other,exact_full,元祐年製,元祐年製,元祐年製,exact,True,True,0.197916,
known,Other,drop_last_char,元祐年,元祐年製,元祐年製,substring,True,True,0.158868,
known,Other,drop_first_char,祐年製,元祐年製,景祐年製,substring,False,False,0.157078,
known,Other,exact_full,紹聖年製,紹聖年製,紹聖年製,exact,True,True,0.199819,
known,Other,drop_last_char,紹聖年,紹聖年製,紹聖年製,substring,True,True,0.167701,
known,Other,drop_first_char,聖年製,紹聖年製,天聖年製,substring,False,True,0.156843,
known,Other,exact_full,元符年製,元符年製,元符年製,exact,True,True,0.206998,
known,Other,drop_last_char,元符年,元符年製,元符年製,substring,True,True,0.158141,
known,Other,drop_first_char,符年製,元符年製,大中祥符年製,substring,False,True,0.157667,
known,China,exact_full,建中靖國年製,建中靖國年製,建中靖國年製,exact,True,True,0.282606,
known,China,short_mark,靖國年製,建中靖國年製,建中靖國年製,exact,True,True,0.199661,
known,China,drop_last_char,建中靖國年,建中靖國年製,建中靖國年製,substring,True,True,0.249058,
known,China,drop_first_char,中靖國年製,建中靖國年製,建中靖國年製,substring,True,True,0.244882,
known,China,single_confusion,建中青國年製,建中靖國年製,建中靖國年製,fuzzy,True,True,0.299612,
known,China,wrong_order_pair,中建靖國年製,建中靖國年製,建中靖國年製,substring,True,True,0.293998,
known,Other,exact_full,崇寧年製,崇寧年製,崇寧年製,exact,True,True,0.196826,
known,Other,drop_last_char,崇寧年,崇寧年製,崇寧年製,substring,True,True,0.156574,
known,Other,drop_first_char,寧年製,崇寧年製,熙寧年製,substring,False,True,0.158169,
known,Other,exact_full,大觀年製,大觀年製,大觀年製,exact,True,True,0.196934,
known,Other,drop_last_char,大觀年,大觀年製,大觀年製,substring,True,True,0.156835,
known,Other,drop_first_char,觀年製,大觀年製,大觀年製,substring,True,True,0.155007,
known,Other,exact_full,政和年製,政和年製,政和年製,exact,True,True,0.197854,
known,Other,drop_last_char,政和年,政和年製,政和年製,substring,True,True,0.155334,
known,Other,drop_first_char,和年製,政和年製,協和年製,substring,False,True,0.153043,
known,Other,exact_full,重和年製,重和年製,重和年製,exact,True,True,0.197424,
known,Other,drop_last_char,重和年,重和年製,重和年製,substring,True,True,0.158718,
known,Other,drop_first_char,和年製,重和年製,協和年製,substring,False,False,0.156998,
known,Other,exact_full,宣和年製,宣和年製,宣和年製,exact,True,True,0.19934,
known,Other,drop_last_char,宣和年,宣和年製,宣和年製,substring,True,True,0.156512,
known,Other,drop_first_char,和年製,宣和年製,協和年製,substring,False,False,0.156011,
known,Other,single_confusion,宜和年製,宣和年製,協和年製,fuzzy_tiedecision,False,True,0.220106,
known,Other,exact_full,靖康年製,靖康年製,靖康年製,exact,True,True,0.20135,
known,Other,drop_last_char,靖康年,靖康年製,靖康年製,substring,True,True,0.158887,
known,Other,drop_first_char,康年製,靖康年製,靖康年製,substring,True,True,0.161481,
known,Other,single_confusion,青康年製,靖康年製,靖康年製,fuzzy_tiedecision,True,True,0.218849,
known,Other,exact_full,建炎年製,建炎年製,建炎年製,exact,True,True,0.197802,
known,Other,drop_last_char,建炎年,建炎年製,建炎年製,substring,True,True,0.15549,
known,Other,drop_first_char,炎年製,建炎年製,建炎年製,substring,True,True,0.15617,
known,Other,exact_full,紹興年製,紹興年製,紹興年製,exact,True,True,0.200178,
known,Other,drop_last_char,紹興年,紹興年製,紹興年製,substring,True,True,0.153593,
known,Other,drop_first_char,興年製,紹興年製,景興年製,substring,False,True,0.153253,
known,Other,exact_full,隆興年製,隆興年製,隆興年製,exact,True,True,0.197397,
known,Other,drop_last_char,隆興年,隆興年製,隆興年製,substring,True,True,0.157485,
known,Other,drop_first_char,興年製,隆興年製,景興年製,substring,False,False,0.15413,
known,Other,single_confusion,蓬興年製,隆興年製,景興年製,fuzzy_tiedecision,False,False,0.219072,
known,Other,exact_full,乾道年製,乾道年製,乾道年製,exact,True,True,0.195799,
known,Other,drop_last_char,乾道年,乾道年製,乾道年製,substring,True,True,0.158971,
known,Other,drop_first_char,道年製,乾道年製,至道年製,substring,False,True,0.15689,
known,Other,single_confusion,輪道年製,乾道年製,至道年製,fuzzy_tiedecision,False,True,0.21907,
known,Other,exact_full,淳熙年製,淳熙年製,淳熙年製,exact,True,True,0.196149,
known,Other,drop_last_char,淳熙年,淳熙年製,淳熙年製,substring,True,True,0.156493,
known,Other,drop_first_char,熙年製,淳熙年製,大明洪熙年製,substring,False,False,0.156069,
known,Other,single_confusion,淳照年製,淳熙年製,淳化年製,fuzzy_tiedecision,False,True,0.221224,
known,Other,exact_full,紹熙年製,紹熙年製,紹熙年製,exact,True,True,0.19861,
known,Other,drop_last_char,紹熙年,紹熙年製,紹熙年製,substring,True,True,0.161134,
known,Other,drop_first_char,熙年製,紹熙年製,大明洪熙年製,substring,False,False,0.155212,
known,Other,single_confusion,紹照年製,紹熙年製,紹治年製,fuzzy_tiedecision,False,True,0.221358,
known,Other,exact_full,慶元年製,慶元年製,慶元年製,exact,True,True,0.195408,
known,Other,drop_last_char,慶元年,慶元年製,慶元年製,substring,True,True,0.165044,
known,Other,drop_first_char,元年製,慶元年製,寶元年製,substring,False,True,0.160758,
known,Other,exact_full,嘉泰年製,嘉泰年製,嘉泰年製,exact,True,True,0.198914,
known,Other,drop_last_char,嘉泰年,嘉泰年製,嘉泰年製,substring,True,True,0.158615,
known,Other,drop_first_char,泰年製,嘉泰年製,大明景泰年製,substring,False,False,0.152399,
known,Other,exact_full,開禧年製,開禧年製,開禧年製,exact,True,True,0.195028,
known,Other,drop_last_char,開禧年,開禧年製,開禧年製,substring,True,True,0.157815,
known,Other,drop_first_char,禧年製,開禧年製,天禧年製,substring,False,True,0.154879,
known,Other,exact_full,嘉定年製,嘉定年製,嘉定年製,exact,True,True,0.195556,
known,Other,drop_last_char,嘉定年,嘉定年製,嘉定年製,substring,True,True,0.158637,
known,Other,drop_first_char,定年製,嘉定年製,啟定年製,substring,False,True,0.157164,
known,Other,exact_full,寶慶年製,寶慶年製,寶慶年製,exact,True,True,0.197565,
known,Other,drop_last_char,寶慶年,寶慶年製,寶慶年製,substring,True,True,0.160599,
known,Other,drop_first_char,慶年製,寶慶年製,大明隆慶年製,substring,False,False,0.156381,
known,Other,exact_full,紹定年製,紹定年製,紹定年製,exact,True,True,0.195563,
known,Other,drop_last_char,紹定年,紹定年製,紹定年製,substring,True,True,0.158785,
known,Other,drop_first_char,定年製,紹定年製,啟定年製,substring,False,False,0.153644,
known,Other,exact_full,端平年製,端平年製,端平年製,exact,True,True,0.194116,
known,Other,drop_last_char,端平年,端平年製,端平年製,substring,True,True,0.153761,
known,Other,drop_first_char,平年製,端平年製,龍瑞太平年製,substring,False,False,0.14841,
known,Other,exact_full,嘉熙年製,嘉熙年製,嘉熙年製,exact,True,True,0.197501,
known,Other,drop_last_char,嘉熙年,嘉熙年製,嘉熙年製,substring,True,True,0.158508,
known,Other,drop_first_char,熙年製,嘉熙年製,大明洪熙年製,substring,False,False,0.154229,
known,Other,single_confusion,嘉照年製,嘉熙年製,大明嘉靖年製,fuzzy_tiedecision,False,True,0.222718,
known,Other,exact_full,淳祐年製,淳祐年製,淳祐年製,exact,True,True,0.198483,
known,Other,drop_last_char,淳祐年,淳祐年製,淳祐年製,substring,True,True,0.160826,
known,Other,drop_first_char,祐年製,淳祐年製,景祐年製,substring,False,False,0.155634,
known,Other,exact_full,寶祐年製,寶祐年製,寶祐年製,exact,True,True,0.196686,
known,Other,drop_last_char,寶祐年,寶祐年製,寶祐年製,substring,True,True,0.157201,
known,Other,drop_first_char,祐年製,寶祐年製,景祐年製,substring,False,False,0.155362,
known,Other,exact_full,開慶年製,開慶年製,開慶年製,exact,True,True,0.198224,
known,Other,drop_last_char,開慶年,開慶年製,開慶年製,substring,True,True,0.161467,
known,Other,drop_first_char,慶年製,開慶年製,大明隆慶年製,substring,False,False,0.153844,
known,Other,exact_full,景定年製,景定年製,景定年製,exact,True,True,0.203611,
known,Other,drop_last_char,景定年,景定年製,景定年製,substring,True,True,0.157609,
known,Other,drop_first_char,定年製,景定年製,啟定年製,substring,False,False,0.154392,
known,Other,exact_full,咸淳年製,咸淳年製,咸淳年製,exact,True,True,0.196708,
known,Other,drop_last_char,咸淳年,咸淳年製,咸淳年製,substring,True,True,0.159337,
known,Other,drop_first_char,淳年製,咸淳年製,咸淳年製,substring,True,True,0.155662,
known,Other,exact_full,德祐年製,德祐年製,德祐年製,exact,True,True,0.198761,
known,Other,drop_last_char,德祐年,德祐年製,德祐年製,substring,True,True,0.157774,
known,Other,drop_first_char,祐年製,德祐年製,景祐年製,substring,False,False,0.156212,
known,Other,single_confusion,徳祐年製,德祐年製,景祐年製,fuzzy_tiedecision,False,True,0.21812,
known,Other,exact_full,景炎年製,景炎年製,景炎年製,exact,True,True,0.198907,
known,Other,drop_last_char,景炎年,景炎年製,景炎年製,substring,True,True,0.156865,
known,Other,drop_first_char,炎年製,景炎年製,建炎年製,substring,False,True,0.157387,
known,Other,exact_full,祥興年製,祥興年製,祥興年製,exact,True,True,0.19409,
known,Other,drop_last_char,祥興年,祥興年製,祥興年製,substring,True,True,0.156233,
known,Other,drop_first_char,興年製,祥興年製,景興年製,substring,False,False,0.154234,
known,Other,exact_full,至元年製,至元年製,至元年製,exact,True,True,0.195444,
known,Other,drop_last_char,至元年,至元年製,至元年製,substring,True,True,0.1559,
known,Other,drop_first_char,元年製,至元年製,寶元年製,substring,False,True,0.156578,
known,Other,exact_full,元貞年製,元貞年製,元貞年製,exact,True,True,0.201585,
known,Other,drop_last_char,元貞年,元貞年製,元貞年製,substring,True,True,0.156269,
known,Other,drop_first_char,貞年製,元貞年製,元貞年製,substring,True,True,0.154949,
known,Other,exact_full,大德年製,大德年製,大德年製,exact,True,True,0.19829,
known,Other,drop_last_char,大德年,大德年製,大德年製,substring,True,True,0.156836,
known,Other,drop_first_char,德年製,大德年製,大明宣德年製,substring,False,False,0.154835,
known,Other,single_confusion,大徳年製,大德年製,大明年製,fuzzy_tiedecision,False,True,0.222191,
known,Other,exact_full,至大年製,至大年製,至大年製,exact,True,True,0.198927,
known,Other,drop_last_char,至大年,至大年製,至大年製,substring,True,True,0.15687,
known,Other,drop_first_char,大年製,至大年製,保大年製,substring,False,True,0.156674,
known,Other,exact_full,皇慶年製,皇慶年製,皇慶年製,exact,True,True,0.197291,
known,Other,drop_last_char,皇慶年,皇慶年製,皇慶年製,substring,True,True,0.159739,
known,Other,drop_first_char,慶年製,皇慶年製,大明隆慶年製,substring,False,False,0.154184,
known,Other,exact_full,延祐年製,延祐年製,延祐年製,exact,True,True,0.194657,
known,Other,drop_last_char,延祐年,延祐年製,延祐年製,substring,True,True,0.15943,
known,Other,drop_first_char,祐年製,延祐年製,景祐年製,substring,False,False,0.158422,
known,Other,exact_full,至治年製,至治年製,至治年製,exact,True,True,0.197699,
known,Other,drop_last_char,至治年,至治年製,至治年製,substring,True,True,0.159073,
known,Other,drop_first_char,治年製,至治年製,大明弘治年製,substring,False,False,0.154398,
known,Other,single_confusion,至冶年製,至治年製,至道年製,fuzzy_tiedecision,False,True,0.218572,
known,Other,exact_full,泰定年製,泰定年製,泰定年製,exact,True,True,0.195523,
known,Other,drop_last_char,泰定年,泰定年製,泰定年製,substring,True,True,0.155946,
known,Other,drop_first_char,定年製,泰定年製,啟定年製,substring,False,False,0.155451,
known,Other,exact_full,致和年製,致和年製,致和年製,exact,True,True,0.195422,
known,Other,drop_last_char,致和年,致和年製,致和年製,substring,True,True,0.156945,
known,Other,drop_first_char,和年製,致和年製,協和年製,substring,False,False,0.154625,
known,Other,exact_full,天曆年製,天曆年製,天曆年製,exact,True,True,0.197307,
known,Other,drop_last_char,天曆年,天曆年製,天曆年製,substring,True,True,0.158593,
known,Other,drop_first_char,曆年製,天曆年製,大明萬曆年製,substring,False,False,0.152596,
known,Other,single_confusion,天歴年製,天曆年製,大明天順年製,fuzzy_tiedecision,False,True,0.223088,
known,Other,exact_full,至順年製,至順年製,至順年製,exact,True,True,0.19492,
known,Other,drop_last_char,至順年,至順年製,至順年製,substring,True,True,0.15828,
known,Other,drop_first_char,順年製,至順年製,大明天順年製,substring,False,True,0.155694,
known,Other,exact_full,元統年製,元統年製,元統年製,exact,True,True,0.19778,
known,Other,drop_last_char,元統年,元統年製,元統年製,substring,True,True,0.158245,
known,Other,drop_first_char,統年製,元統年製,大明正統年製,substring,False,True,0.157089,
known,Other,exact_full,至元年製,至元年製,至元年製,exact,True,True,0.199484,
known,Other,drop_last_char,至元年,至元年製,至元年製,substring,True,True,0.155546,
known,Other,drop_first_char,元年製,至元年製,寶元年製,substring,False,True,0.155326,
known,Other,exact_full,至正年製,至正年製,至正年製,exact,True,True,0.198327,
known,Other,drop_last_char,至正年,至正年製,至正年製,substring,True,True,0.160492,
known,Other,drop_first_char,正年製,至正年製,大清雍正年製,substring,False,True,0.154221,
known,Other,single_confusion,至王年製,至正年製,至道年製,fuzzy_tiedecision,False,False,0.222736,
known,Other,exact_full,大元年製,大元年製,大元年製,exact,True,True,0.199404,
known,Other,drop_last_char,大元年,大元年製,大元年製,substring,True,True,0.164554,
known,Other,drop_first_char,元年製,大元年製,寶元年製,substring,False,False,0.155709,
known,Other,exact_full,神冊年製,神冊年製,神冊年製,exact,True,True,0.204938,
known,Other,drop_last_char,神冊年,神冊年製,神冊年製,substring,True,True,0.157905,
known,Other,drop_first_char,冊年製,神冊年製,神冊年製,substring,True,True,0.153638,
known,Other,exact_full,天贊年製,天贊年製,天贊年製,exact,True,True,0.195726,
known,Other,drop_last_char,天贊年,天贊年製,天贊年製,substring,True,True,0.15708,
known,Other,drop_first_char,贊年製,天贊年製,天贊年製,substring,True,True,0.154888,
known,Other,exact_full,天顯年製,天顯年製,天顯年製,exact,True,True,0.199732,
known,Other,drop_last_char,天顯年,天顯年製,天顯年製,substring,True,True,0.155994,
known,Other,drop_first_char,顯年製,天顯年製,天顯年製,substring,True,True,0.156058,
known,Other,exact_full,會同年製,會同年製,會同年製,exact,True,True,0.198718,
known,Other,drop_last_char,會同年,會同年製,會同年製,substring,True,True,0.16005,
known,Other,drop_first_char,同年製,會同年製,會同年製,substring,True,True,0.157663,
known,Other,single_confusion,會司年製,會同年製,會同年製,fuzzy_tiedecision,True,True,0.223443,
known,Other,exact_full,應曆年製,應曆年製,應曆年製,exact,True,True,0.202911,
known,Other,drop_last_char,應曆年,應曆年製,應曆年製,substring,True,True,0.160886,
known,Other,drop_first_char,曆年製,應曆年製,大明萬曆年製,substring,False,False,0.161057,
known,Other,single_confusion,應歴年製,應曆年製,應曆年製,fuzzy_tiedecision,True,True,0.221539,
known,Other,exact_full,保寧年製,保寧年製,保寧年製,exact,True,True,0.200225,
known,Other,drop_last_char,保寧年,保寧年製,保寧年製,substring,True,True,0.158217,
known,Other,drop_first_char,寧年製,保寧年製,熙寧年製,substring,False,True,0.158967,
known,Other,exact_full,乾亨年製,乾亨年製,乾亨年製,exact,True,True,0.196923,
known,Other,drop_last_char,乾亨年,乾亨年製,乾亨年製,substring,True,True,0.158104,
known,Other,drop_first_char,亨年製,乾亨年製,乾亨年製,substring,True,True,0.15874,
known,Other,single_confusion,輪亨年製,乾亨年製,乾亨年製,fuzzy_tiedecision,True,True,0.217911,
known,Other,exact_full,統和年製,統和年製,統和年製,exact,True,True,0.19748,
known,Other,drop_last_char,統和年,統和年製,統和年製,substring,True,True,0.161592,
known,Other,drop_first_char,和年製,統和年製,協和年製,substring,False,False,0.15493,
known,Other,exact_full,開泰年製,開泰年製,開泰年製,exact,True,True,0.193633,
known,Other,drop_last_char,開泰年,開泰年製,開泰年製,substring,True,True,0.157414,
known,Other,drop_first_char,泰年製,開泰年製,大明景泰年製,substring,False,True,0.153446,
known,Other,exact_full,太平年製,太平年製,龍瑞太平年製,exact,True,True,0.188261,
known,Other,drop_last_char,太平年,太平年製,龍瑞太平年製,substring,True,True,0.149661,
known,Other,drop_first_char,平年製,太平年製,龍瑞太平年製,substring,True,True,0.15016,
known,Other,exact_full,景福年製,景福年製,景福年製,exact,True,True,0.197516,
known,Other,drop_last_char,景福年,景福年製,福,substring,False,True,0.157612,
known,Other,drop_first_char,福年製,景福年製,建福年製,substring,False,True,0.155363,
known,Other,exact_full,重熙年製,重熙年製,重熙年製,exact,True,True,0.203771,
known,Other,drop_last_char,重熙年,重熙年製,重熙年製,substring,True,True,0.198452,
known,Other,drop_first_char,熙年製,重熙年製,大明洪熙年製,substring,False,False,0.164162,
known,Other,single_confusion,重照年製,重熙年製,重和年製,fuzzy_tiedecision,False,True,0.236973,
known,Other,exact_full,清寧年製,清寧年製,清寧年製,exact,True,True,0.207378,
known,Other,drop_last_char,清寧年,清寧年製,清寧年製,substring,True,True,0.169683,
known,Other,drop_first_char,寧年製,清寧年製,熙寧年製,substring,False,False,0.173134,
known,Other,exact_full,咸雍年製,咸雍年製,咸雍年製,exact,True,True,0.214117,
known,Other,drop_last_char,咸雍年,咸雍年製,咸雍年製,substring,True,True,0.168332,
known,Other,drop_first_char,雍年製,咸雍年製,咸雍年製,substring,True,True,0.16033,
known,Other,single_confusion,咸雄年製,咸雍年製,大清咸豐年製,fuzzy_tiedecision,False,False,0.237174,
known,Other,exact_full,太康年製,太康年製,太康年製,exact,True,True,0.204839,
known,Other,drop_last_char,太康年,太康年製,太康年製,substring,True,True,0.163509,
known,Other,drop_first_char,康年製,太康年製,靖康年製,substring,False,True,0.162435,
known,Other,single_confusion,太庚年製,太康年製,龍瑞太平年製,fuzzy_tiedecision,False,True,0.226142,
known,Other,exact_full,大安年製,大安年製,大安年製,exact,True,True,0.20408,
known,Other,drop_last_char,大安年,大安年製,大安年製,substring,True,True,0.175512,
known,Other,drop_first_char,安年製,大安年製,大安年製,substring,True,True,0.169346,
known,Other,exact_full,壽昌年製,壽昌年製,壽昌年製,exact,True,True,0.207737,
known,Other,drop_last_char,壽昌年,壽昌年製,壽,substring,False,True,0.198202,
known,Other,drop_first_char,昌年製,壽昌年製,大明泰昌年製,substring,False,True,0.172997,
known,Other,exact_full,乾統年製,乾統年製,乾統年製,exact,True,True,0.209401,
known,Other,drop_last_char,乾統年,乾統年製,乾統年製,substring,True,True,0.16518,
known,Other,drop_first_char,統年製,乾統年製,大明正統年製,substring,False,False,0.166737,
known,Other,single_confusion,輪統年製,乾統年製,大明正統年製,fuzzy_tiedecision,False,False,0.227766,
known,Other,exact_full,天慶年製,天慶年製,天慶年製,exact,True,True,0.210266,
known,Other,drop_last_char,天慶年,天慶年製,天慶年製,substring,True,True,0.160878,
known,Other,drop_first_char,慶年製,天慶年製,大明隆慶年製,substring,False,False,0.168891,
known,Other,exact_full,保大年製,保大年製,保大年製,exact,True,True,0.204554,
known,Other,drop_last_char,保大年,保大年製,保大年製,substring,True,True,0.164477,
known,Other,drop_first_char,大年製,保大年製,保大年製,substring,True,True,0.157646,
known,Other,exact_full,大遼年製,大遼年製,大遼年製,exact,True,True,0.203229,
known,Other,drop_last_char,大遼年,大遼年製,大遼年製,substring,True,True,0.164759,
known,Other,drop_first_char,遼年製,大遼年製,大遼年製,substring,True,True,0.162941,
known,Other,exact_full,契丹年製,契丹年製,契丹年製,exact,True,True,0.206093,
known,Other,drop_last_char,契丹年,契丹年製,契丹年製,substring,True,True,0.163188,
known,Other,drop_first_char,丹年製,契丹年製,契丹年製,substring,True,True,0.166339,
known,Other,exact_full,北遼年製,北遼年製,北遼年製,exact,True,True,0.210708,
known,Other,drop_last_char,北遼年,北遼年製,北遼年製,substring,True,True,0.162945,
known,Other,drop_first_char,遼年製,北遼年製,大遼年製,substring,False,True,0.175044,
known,Other,exact_full,西遼年製,西遼年製,西遼年製,exact,True,True,0.212885,
known,Other,drop_last_char,西遼年,西遼年製,西遼年製,substring,True,True,0.169917,
known,Other,drop_first_char,遼年製,西遼年製,大遼年製,substring,False,True,0.16069,
known,Other,exact_full,延慶年製,延慶年製,延慶年製,exact,True,True,0.207256,
known,Other,drop_last_char,延慶年,延慶年製,延慶年製,substring,True,True,0.168483,
known,Other,drop_first_char,慶年製,延慶年製,大明隆慶年製,substring,False,False,0.168329,
known,Other,exact_full,康國年製,康國年製,康國年製,exact,True,True,0.205595,
known,Other,drop_last_char,康國年,康國年製,康國年製,substring,True,True,0.162115,
known,Other,drop_first_char,國年製,康國年製,民國年製,substring,False,False,0.158185,
known,Other,single_confusion,庚國年製,康國年製,庚午年製,fuzzy_tiedecision,False,True,0.230869,
known,Other,exact_full,咸清年製,咸清年製,咸清年製,exact,True,True,0.217954,
known,Other,drop_last_char,咸清年,咸清年製,咸清年製,substring,True,True,0.164126,
known,Other,drop_first_char,清年製,咸清年製,大清年製,substring,False,True,0.157553,
known,Other,exact_full,紹興年製,紹興年製,紹興年製,exact,True,True,0.203198,
known,Other,drop_last_char,紹興年,紹興年製,紹興年製,substring,True,True,0.171515,
known,Other,drop_first_char,興年製,紹興年製,景興年製,substring,False,True,0.160101,
known,Other,exact_full,收國年製,收國年製,收國年製,exact,True,True,0.206325,
known,Other,drop_last_char,收國年,收國年製,收國年製,substring,True,True,0.160892,
known,Other,drop_first_char,國年製,收國年製,民國年製,substring,False,False,0.158711,
known,Other,exact_full,天輔年製,天輔年製,天輔年製,exact,True,True,0.20098,
known,Other,drop_last_char,天輔年,天輔年製,天輔年製,substring,True,True,0.160073,
known,Other,drop_first_char,輔年製,天輔年製,天輔年製,substring,True,True,0.179905,
known,Other,exact_full,天會年製,天會年製,天會年製,exact,True,True,0.20544,
known,Other,drop_last_char,天會年,天會年製,天會年製,substring,True,True,0.165195,
known,Other,drop_first_char,會年製,天會年製,天會年製,substring,True,True,0.159735,
known,Other,exact_full,天眷年製,天眷年製,天眷年製,exact,True,True,0.221003,
known,Other,drop_last_char,天眷年,天眷年製,天眷年製,substring,True,True,0.174108,
known,Other,drop_first_char,眷年製,天眷年製,天眷年製,substring,True,True,0.164601,
known,Other,exact_full,皇統年製,皇統年製,皇統年製,exact,True,True,0.214869,
known,Other,drop_last_char,皇統年,皇統年製,皇統年製,substring,True,True,0.161742,
known,Other,drop_first_char,統年製,皇統年製,大明正統年製,substring,False,False,0.16002,
known,Other,exact_full,天德年製,天德年製,天德年製,exact,True,True,0.205568,
known,Other,drop_last_char,天德年,天德年製,天德年製,substring,True,True,0.163895,
known,Other,drop_first_char,德年製,天德年製,大明宣德年製,substring,False,False,0.169416,
known,Other,single_confusion,天徳年製,天德年製,大明天順年製,fuzzy_tiedecision,False,True,0.226886,
known,Other,exact_full,貞元年製,貞元年製,貞元年製,exact,True,True,0.207621,
known,Other,drop_last_char,貞元年,貞元年製,貞元年製,substring,True,True,0.164193,
known,Other,drop_first_char,元年製,貞元年製,寶元年製,substring,False,False,0.162204,
known,Other,exact_full,正隆年製,正隆年製,正隆年製,exact,True,True,0.203766,
known,Other,drop_last_char,正隆年,正隆年製,正隆年製,substring,True,True,0.164801,
known,Other,drop_first_char,隆年製,正隆年製,大清乾隆年製,substring,False,False,0.159969,
known,Other,single_confusion,王隆年製,正隆年製,大清乾隆年製,fuzzy_tiedecision,False,False,0.22855,
known,Other,exact_full,大定年製,大定年製,大定年製,exact,True,True,0.203406,
known,Other,drop_last_char,大定年,大定年製,大定年製,substring,True,True,0.1777,
known,Other,drop_first_char,定年製,大定年製,啟定年製,substring,False,False,0.159991,
known,Other,exact_full,明昌年製,明昌年製,明昌年製,exact,True,True,0.204489,
known,Other,drop_last_char,明昌年,明昌年製,明昌年製,substring,True,True,0.162339,
known,Other,drop_first_char,昌年製,明昌年製,大明泰昌年製,substring,False,True,0.161467,
known,Other,exact_full,承安年製,承安年製,承安年製,exact,True,True,0.206109,
known,Other,drop_last_char,承安年,承安年製,承安年製,substring,True,True,0.167451,
known,Other,drop_first_char,安年製,承安年製,大安年製,substring,False,True,0.15943,
known,Other,exact_full,泰和年製,泰和年製,泰和年製,exact,True,True,0.203702,
known,Other,drop_last_char,泰和年,泰和年製,泰和年製,substring,True,True,0.165173,
known,Other,drop_first_char,和年製,泰和年製,協和年製,substring,False,False,0.171024,
known,Other,exact_full,大安年製,大安年製,大安年製,exact,True,True,0.242728,
known,Other,drop_last_char,大安年,大安年製,大安年製,substring,True,True,0.209586,
known,Other,drop_first_char,安年製,大安年製,大安年製,substring,True,True,0.207066,
known,Other,exact_full,崇慶年製,崇慶年製,崇慶年製,exact,True,True,0.220375,
known,Other,drop_last_char,崇慶年,崇慶年製,崇慶年製,substring,True,True,0.16617,
known,Other,drop_first_char,慶年製,崇慶年製,大明隆慶年製,substring,False,False,0.16687,
known,Other,exact_full,至寧年製,至寧年製,至寧年製,exact,True,True,0.20751,
known,Other,drop_last_char,至寧年,至寧年製,至寧年製,substring,True,True,0.161378,
known,Other,drop_first_char,寧年製,至寧年製,熙寧年製,substring,False,False,0.165946,
known,Other,exact_full,貞祐年製,貞祐年製,貞祐年製,exact,True,True,0.212068,
known,Other,drop_last_char,貞祐年,貞祐年製,貞祐年製,substring,True,True,0.16911,
known,Other,drop_first_char,祐年製,貞祐年製,景祐年製,substring,False,False,0.1755,
known,Other,exact_full,興定年製,興定年製,興定年製,exact,True,True,0.216329,
known,Other,drop_last_char,興定年,興定年製,興定年製,substring,True,True,0.164867,
known,Other,drop_first_char,定年製,興定年製,啟定年製,substring,False,False,0.16196,
known,Other,exact_full,元光年製,元光年製,元光年製,exact,True,True,0.214606,
known,Other,drop_last_char,元光年,元光年製,元光年製,substring,True,True,0.176156,
known,Other,drop_first_char,光年製,元光年製,大清道光年製,substring,False,True,0.161919,
known,Other,single_confusion,元先年製,元光年製,元豐年製,fuzzy_tiedecision,False,True,0.257718,
known,Other,exact_full,正大年製,正大年製,正大年製,exact,True,True,0.297834,
known,Other,drop_last_char,正大年,正大年製,正大年製,substring,True,True,0.224289,
known,Other,drop_first_char,大年製,正大年製,保大年製,substring,False,False,0.188621,
known,Other,single_confusion,王大年製,正大年製,保大年製,fuzzy_tiedecision,False,False,0.265408,
known,Other,exact_full,天興年製,天興年製,天興年製,exact,True,True,0.248023,
known,Other,drop_last_char,天興年,天興年製,天興年製,substring,True,True,0.183043,
known,Other,drop_first_char,興年製,天興年製,景興年製,substring,False,False,0.164649,
known,Other,exact_full,武德年製,武德年製,武德年製,exact,True,True,0.215877,
known,Other,drop_last_char,武德年,武德年製,武德年製,substring,True,True,0.16826,
known,Other,drop_first_char,德年製,武德年製,大明宣德年製,substring,False,False,0.226457,
known,Other,single_confusion,武徳年製,武德年製,武德年製,fuzzy_tiedecision,True,True,0.251041,
known,Other,exact_full,貞觀年製,貞觀年製,貞觀年製,exact,True,True,0.212576,
known,Other,drop_last_char,貞觀年,貞觀年製,貞觀年製,substring,True,True,0.1732,
known,Other,drop_first_char,觀年製,貞觀年製,大觀年製,substring,False,True,0.168907,
known,Other,exact_full,永徽年製,永徽年製,永徽年製,exact,True,True,0.222315,
known,Other,drop_last_char,永徽年,永徽年製,永徽年製,substring,True,True,0.182807,
known,Other,drop_first_char,徽年製,永徽年製,永徽年製,substring,True,True,0.165004,
known,Other,exact_full,顯慶年製,顯慶年製,顯慶年製,exact,True,True,0.214366,
known,Other,drop_last_char,顯慶年,顯慶年製,顯慶年製,substring,True,True,0.168792,
known,Other,drop_first_char,慶年製,顯慶年製,大明隆慶年製,substring,False,False,0.20357,
known,Other,exact_full,龍朔年製,龍朔年製,龍朔年製,exact,True,True,0.266569,
known,Other,drop_last_char,龍朔年,龍朔年製,龍,substring,False,True,0.230456,
known,Other,drop_first_char,朔年製,龍朔年製,龍朔年製,substring,True,True,0.206388,
known,Other,exact_full,麟德年製,麟德年製,麟德年製,exact,True,True,0.25363,
known,Other,drop_last_char,麟德年,麟德年製,麟德年製,substring,True,True,0.211399,
known,Other,drop_first_char,德年製,麟德年製,大明宣德年製,substring,False,False,0.200573,
known,Other,single_confusion,麟徳年製,麟德年製,麟德年製,fuzzy_tiedecision,True,True,0.264052,
known,Other,exact_full,乾封年製,乾封年製,乾封年製,exact,True,True,0.254368,
known,Other,drop_last_char,乾封年,乾封年製,乾封年製,substring,True,True,0.200388,
known,Other,drop_first_char,封年製,乾封年製,乾封年製,substring,True,True,0.199437,
known,Other,single_confusion,輪封年製,乾封年製,乾封年製,fuzzy_tiedecision,True,True,0.291989,
known,Other,exact_full,總章年製,總章年製,總章年製,exact,True,True,0.290617,
known,Other,drop_last_char,總章年,總章年製,總章年製,substring,True,True,0.179963,
known,Other,drop_first_char,章年製,總章年製,總章年製,substring,True,True,0.17864,
known,Other,exact_full,咸亨年製,咸亨年製,咸亨年製,exact,True,True,0.204072,
known,Other,drop_last_char,咸亨年,咸亨年製,咸亨年製,substring,True,True,0.163519,
known,Other,drop_first_char,亨年製,咸亨年製,乾亨年製,substring,False,True,0.160595,
known,Other,exact_full,上元年製,上元年製,上元年製,exact,True,True,0.20269,
known,Other,drop_last_char,上元年,上元年製,上元年製,substring,True,True,0.164716,
known,Other,drop_first_char,元年製,上元年製,寶元年製,substring,False,False,0.159532,
known,Other,exact_full,儀鳳年製,儀鳳年製,儀鳳年製,exact,True,True,0.200531,
known,Other,drop_last_char,儀鳳年,儀鳳年製,儀鳳年製,substring,True,True,0.162688,
known,Other,drop_first_char,鳳年製,儀鳳年製,閣羅鳳年製,exact,False,True,0.162524,
known,Other,exact_full,調露年製,調露年製,調露年製,exact,True,True,0.20198,
known,Other,drop_last_char,調露年,調露年製,調露年製,substring,True,True,0.160078,
known,Other,drop_first_char,露年製,調露年製,調露年製,substring,True,True,0.160212,
known,Other,exact_full,永隆年製,永隆年製,永隆年製,exact,True,True,0.201504,
known,Other,drop_last_char,永隆年,永隆年製,永隆年製,substring,True,True,0.162326,
known,Other,drop_first_char,隆年製,永隆年製,大清乾隆年製,substring,False,False,0.158756,
known,Other,single_confusion,永蓬年製,永隆年製,大明永樂年製,fuzzy_tiedecision,False,False,0.219167,
known,Other,exact_full,開耀年製,開耀年製,開耀年製,exact,True,True,0.199757,
known,Other,drop_last_char,開耀年,開耀年製,開耀年製,substring,True,True,0.159778,
known,Other,drop_first_char,耀年製,開耀年製,開耀年製,substring,True,True,0.16123,
known,Other,exact_full,永淳年製,永淳年製,永淳年製,exact,True,True,0.201127,
known,Other,drop_last_char,永淳年,永淳年製,永淳年製,substring,True,True,0.15791,
known,Other,drop_first_char,淳年製,永淳年製,咸淳年製,substring,False,True,0.184394,
known,Other,exact_full,弘道年製,弘道年製,弘道年製,exact,True,True,0.238191,
known,Other,drop_last_char,弘道年,弘道年製,弘道年製,substring,True,True,0.176106,
known,Other,drop_first_char,道年製,弘道年製,至道年製,substring,False,False,0.169568,
known,Other,single_confusion,弓道年製,弘道年製,至道年製,fuzzy_tiedecision,False,False,0.248432,
known,Other,exact_full,光宅年製,光宅年製,光宅年製,exact,True,True,0.211538,
known,Other,drop_last_char,光宅年,光宅年製,光宅年製,substring,True,True,0.173741,
known,Other,drop_first_char,宅年製,光宅年製,光宅年製,substring,True,True,0.163091,
known,Other,single_confusion,先宅年製,光宅年製,光宅年製,fuzzy_tiedecision,True,True,0.239612,
known,Other,exact_full,垂拱年製,垂拱年製,垂拱年製,exact,True,True,0.209172,
known,Other,drop_last_char,垂拱年,垂拱年製,垂拱年製,substring,True,True,0.166651,
known,Other,drop_first_char,拱年製,垂拱年製,端拱年製,substring,False,True,0.167214,
known,Other,exact_full,永昌年製,永昌年製,永昌年製,exact,True,True,0.205748,
known,Other,drop_last_char,永昌年,永昌年製,永昌年製,substring,True,True,0.16224,
known,Other,drop_first_char,昌年製,永昌年製,大明泰昌年製,substring,False,False,0.16043,
known,Other,exact_full,載初年製,載初年製,載初年製,exact,True,True,0.232257,
known,Other,drop_last_char,載初年,載初年製,載初年製,substring,True,True,0.166275,
known,Other,drop_first_char,初年製,載初年製,載初年製,substring,True,True,0.169561,
known,Other,exact_full,天授年製,天授年製,天授年製,exact,True,True,0.205036,
known,Other,drop_last_char,天授年,天授年製,天授年製,substring,True,True,0.16609,
known,Other,drop_first_char,授年製,天授年製,天授年製,substring,True,True,0.169702,
known,Other,exact_full,如意年製,如意年製,如意年製,exact,True,True,0.214612,
known,Other,drop_last_char,如意年,如意年製,如意年製,substring,True,True,0.167635,
known,Other,drop_first_char,意年製,如意年製,如意年製,substring,True,True,0.17105,
known,Other,exact_full,長壽年製,長壽年製,長壽年製,exact,True,True,0.213317,
known,Other,drop_last_char,長壽年,長壽年製,壽,substring,False,True,0.166864,
known,Other,drop_first_char,壽年製,長壽年製,壽,substring,False,True,0.165393,
known,Other,exact_full,延載年製,延載年製,延載年製,exact,True,True,0.244091,
known,Other,drop_last_char,延載年,延載年製,延載年製,substring,True,True,0.199455,
known,Other,drop_first_char,載年製,延載年製,延載年製,substring,True,True,0.232138,
known,Other,exact_full,證聖年製,證聖年製,證聖年製,exact,True,True,0.301548,
known,Other,drop_last_char,證聖年,證聖年製,證聖年製,substring,True,True,0.246832,
known,Other,drop_first_char,聖年製,證聖年製,天聖年製,substring,False,True,0.20489,
known,Other,exact_full,天冊萬歲年製,天冊萬歲年製,天冊萬歲年製,exact,True,True,0.344384,
known,Other,short_mark,萬歲年製,天冊萬歲年製,天冊萬歲年製,exact,True,True,0.247582,
known,Other,drop_last_char,天冊萬歲年,天冊萬歲年製,天冊萬歲年製,substring,True,True,0.289873,
known,Other,drop_first_char,冊萬歲年製,天冊萬歲年製,天冊萬歲年製,substring,True,True,0.258089,
known,Other,wrong_order_pair,冊天萬歲年製,天冊萬歲年製,天冊萬歲年製,substring,True,True,0.311258,
known,Other,exact_full,萬歲登封年製,萬歲登封年製,萬歲登封年製,exact,True,True,0.308757,
known,Other,short_mark,登封年製,萬歲登封年製,萬歲登封年製,exact,True,True,0.213879,
known,Other,drop_last_char,萬歲登封年,萬歲登封年製,萬歲登封年製,substring,True,True,0.267977,
known,Other,drop_first_char,歲登封年製,萬歲登封年製,萬歲登封年製,substring,True,True,0.250807,
known,Other,wrong_order_pair,歲萬登封年製,萬歲登封年製,萬歲登封年製,substring,True,True,0.293195,
known,Other,exact_full,萬歲通天年製,萬歲通天年製,萬歲通天年製,exact,True,True,0.315692,
known,Other,short_mark,通天年製,萬歲通天年製,萬歲通天年製,exact,True,True,0.202318,
known,Other,drop_last_char,萬歲通天年,萬歲通天年製,萬歲通天年製,substring,True,True,0.293299,
known,Other,drop_first_char,歲通天年製,萬歲通天年製,萬歲通天年製,substring,True,True,0.258839,
known,Other,wrong_order_pair,歲萬通天年製,萬歲通天年製,萬歲通天年製,substring,True,True,0.384348,
known,Other,exact_full,神功年製,神功年製,神功年製,exact,True,True,0.212233,
known,Other,drop_last_char,神功年,神功年製,神功年製,substring,True,True,0.163055,
known,Other,drop_first_char,功年製,神功年製,神功年製,substring,True,True,0.164034,
known,Other,exact_full,聖曆年製,聖曆年製,聖曆年製,exact,True,True,0.2151,
known,Other,drop_last_char,聖曆年,聖曆年製,聖曆年製,substring,True,True,0.177435,
known,Other,drop_first_char,曆年製,聖曆年製,大明萬曆年製,substring,False,False,0.173057,
known,Other,single_confusion,聖歴年製,聖曆年製,聖曆年製,fuzzy_tiedecision,True,True,0.239,
known,Other,exact_full,久視年製,久視年製,久視年製,exact,True,True,0.218924,
known,Other,drop_last_char,久視年,久視年製,久視年製,substring,True,True,0.171057,
known,Other,drop_first_char,視年製,久視年製,久視年製,substring,True,True,0.163223,
known,Other,exact_full,大足年製,大足年製,大足年製,exact,True,True,0.208843,
known,Other,drop_last_char,大足年,大足年製,大足年製,substring,True,True,0.170884,
known,Other,drop_first_char,足年製,大足年製,大足年製,substring,True,True,0.163927,
known,Other,exact_full,長安年製,長安年製,長安年製,exact,True,True,0.211568,
known,Other,drop_last_char,長安年,長安年製,長安年製,substring,True,True,0.172391,
known,Other,drop_first_char,安年製,長安年製,大安年製,substring,False,False,0.176043,
known,Other,exact_full,神龍年製,神龍年製,神龍年製,exact,True,True,0.20545,
known,Other,drop_last_char,神龍年,神龍年製,龍,substring,False,True,0.184243,
known,Other,drop_first_char,龍年製,神龍年製,龍,substring,False,True,0.169653,
known,Other,exact_full,景龍年製,景龍年製,景龍年製,exact,True,True,0.213094,
known,Other,drop_last_char,景龍年,景龍年製,龍,substring,False,True,0.166897,
known,Other,drop_first_char,龍年製,景龍年製,龍,substring,False,True,0.170781,
known,Other,exact_full,唐隆年製,唐隆年製,唐隆年製,exact,True,True,0.218538,
known,Other,drop_last_char,唐隆年,唐隆年製,唐隆年製,substring,True,True,0.174379,
known,Other,drop_first_char,隆年製,唐隆年製,大清乾隆年製,substring,False,False,0.177729,
known,Other,single_confusion,唐蓬年製,唐隆年製,唐隆年製,fuzzy_tiedecision,True,True,0.243908,
known,Other,exact_full,景雲年製,景雲年製,景雲年製,exact,True,True,0.208111,
known,Other,drop_last_char,景雲年,景雲年製,景雲年製,substring,True,True,0.16917,
known,Other,drop_first_char,雲年製,景雲年製,景雲年製,substring,True,True,0.164919,
known,Other,exact_full,太極年製,太極年製,太極年製,exact,True,True,0.216255,
known,Other,drop_last_char,太極年,太極年製,太極年製,substring,True,True,0.16991,
known,Other,drop_first_char,極年製,太極年製,太極年製,substring,True,True,0.186218,
known,Other,exact_full,延和年製,延和年製,延和年製,exact,True,True,0.229825,
known,Other,drop_last_char,延和年,延和年製,延和年製,substring,True,True,0.212718,
known,Other,drop_first_char,和年製,延和年製,協和年製,substring,False,False,0.169651,
known,Other,exact_full,先天年製,先天年製,先天年製,exact,True,True,0.214528,
known,Other,drop_last_char,先天年,先天年製,先天年製,substring,True,True,0.164888,
known,Other,drop_first_char,天年製,先天年製,順天年製,substring,False,False,0.162242,
known,Other,exact_full,開元年製,開元年製,開元年製,exact,True,True,0.212595,
known,Other,drop_last_char,開元年,開元年製,開元年製,substring,True,True,0.191503,
known,Other,drop_first_char,元年製,開元年製,寶元年製,substring,False,False,0.164961,
known,Other,exact_full,天寶年製,天寶年製,天寶年製,exact,True,True,0.212529,
known,Other,drop_last_char,天寶年,天寶年製,天寶年製,substring,True,True,0.172238,
known,Other,drop_first_char,寶年製,天寶年製,紹寶年製,substring,False,True,0.180014,
known,Other,exact_full,至德年製,至德年製,至德年製,exact,True,True,0.208315,
known,Other,drop_last_char,至德年,至德年製,至德年製,substring,True,True,0.174126,
known,Other,drop_first_char,德年製,至德年製,大明宣德年製,substring,False,False,0.164565,
known,Other,single_confusion,至徳年製,至德年製,至道年製,fuzzy_tiedecision,False,True,0.231762,
known,Other,exact_full,乾元年製,乾元年製,乾元年製,exact,True,True,0.208052,
known,Other,drop_last_char,乾元年,乾元年製,乾元年製,substring,True,True,0.187946,
known,Other,drop_first_char,元年製,乾元年製,寶元年製,substring,False,False,0.170125,
known,Other,single_confusion,輪元年製,乾元年製,寶元年製,fuzzy_tiedecision,False,False,0.235089,
known,Other,exact_full,上元年製,上元年製,上元年製,exact,True,True,0.203408,
known,Other,drop_last_char,上元年,上元年製,上元年製,substring,True,True,0.168133,
known,Other,drop_first_char,元年製,上元年製,寶元年製,substring,False,False,0.161175,
known,Other,exact_full,寶應年製,寶應年製,寶應年製,exact,True,True,0.202941,
known,Other,drop_last_char,寶應年,寶應年製,寶應年製,substring,True,True,0.167895,
known,Other,drop_first_char,應年製,寶應年製,寶應年製,substring,True,True,0.16083,
known,Other,exact_full,廣德年製,廣德年製,廣德年製,exact,True,True,0.206327,
known,Other,drop_last_char,廣德年,廣德年製,廣德年製,substring,True,True,0.16556,
known,Other,drop_first_char,德年製,廣德年製,大明宣德年製,substring,False,False,0.161115,
known,Other,single_confusion,廣徳年製,廣德年製,廣德年製,fuzzy_tiedecision,True,True,0.245125,
known,Other,exact_full,永泰年製,永泰年製,永泰年製,exact,True,True,0.206582,
known,Other,drop_last_char,永泰年,永泰年製,永泰年製,substring,True,True,0.235361,
known,Other,drop_first_char,泰年製,永泰年製,大明景泰年製,substring,False,False,0.230897,
known,Other,exact_full,大曆年製,大曆年製,大曆年製,exact,True,True,0.244789,
known,Other,drop_last_char,大曆年,大曆年製,大曆年製,substring,True,True,0.165162,
known,Other,drop_first_char,曆年製,大曆年製,大明萬曆年製,substring,False,False,0.1632,
known,Other,single_confusion,大歴年製,大曆年製,大明年製,fuzzy_tiedecision,False,True,0.229737,
known,China,exact_full,建中年製,建中年製,建中年製,exact,True,True,0.213272,
known,China,drop_last_char,建中年,建中年製,建中年製,substring,True,True,0.183669,
known,China,drop_first_char,中年製,建中年製,光中年製,substring,False,True,0.161096,
known,Other,exact_full,興元年製,興元年製,興元年製,exact,True,True,0.205947,
known,Other,drop_last_char,興元年,興元年製,興元年製,substring,True,True,0.164372,
known,Other,drop_first_char,元年製,興元年製,寶元年製,substring,False,False,0.160607,
known,Other,exact_full,貞元年製,貞元年製,貞元年製,exact,True,True,0.206671,
known,Other,drop_last_char,貞元年,貞元年製,貞元年製,substring,True,True,0.165987,
known,Other,drop_first_char,元年製,貞元年製,寶元年製,substring,False,False,0.168776,
known,Other,exact_full,永貞年製,永貞年製,永貞年製,exact,True,True,0.207816,
known,Other,drop_last_char,永貞年,永貞年製,永貞年製,substring,True,True,0.162391,
known,Other,drop_first_char,貞年製,永貞年製,元貞年製,substring,False,True,0.162997,
known,Other,exact_full,元和年製,元和年製,元和年製,exact,True,True,0.204844,
known,Other,drop_last_char,元和年,元和年製,元和年製,substring,True,True,0.1707,
known,Other,drop_first_char,和年製,元和年製,協和年製,substring,False,False,0.161387,
known,Other,exact_full,長慶年製,長慶年製,長慶年製,exact,True,True,0.222365,
known,Other,drop_last_char,長慶年,長慶年製,長慶年製,substring,True,True,0.167301,
known,Other,drop_first_char,慶年製,長慶年製,大明隆慶年製,substring,False,False,0.164152,
known,Other,exact_full,寶曆年製,寶曆年製,寶曆年製,exact,True,True,0.211969,
known,Other,drop_last_char,寶曆年,寶曆年製,寶曆年製,substring,True,True,0.168036,
known,Other,drop_first_char,曆年製,寶曆年製,大明萬曆年製,substring,False,False,0.166173,
known,Other,single_confusion,寶歴年製,寶曆年製,寶元年製,fuzzy_tiedecision,False,True,0.228459,
known,Other,exact_full,大和年製,大和年製,大和年製,exact,True,True,0.21757,
known,Other,drop_last_char,大和年,大和年製,大和年製,substring,True,True,0.168746,
known,Other,drop_first_char,和年製,大和年製,協和年製,substring,False,False,0.173083,
known,Korea,exact_full,開成年製,開成年製,開成年製,exact,True,True,0.207128,
known,Korea,drop_last_char,開成年,開成年製,開成年製,substring,True,True,0.198568,
known,Korea,drop_first_char,成年製,開成年製,天成年製,substring,False,True,0.163033,
known,Korea,single_confusion,開咸年製,開成年製,開泰年製,fuzzy_tiedecision,False,False,0.235914,
known,Other,exact_full,會昌年製,會昌年製,會昌年製,exact,True,True,0.210441,
known,Other,drop_last_char,會昌年,會昌年製,會昌年製,substring,True,True,0.161051,
known,Other,drop_first_char,昌年製,會昌年製,大明泰昌年製,substring,False,False,0.16209,
known,China,exact_full,大中年製,大中年製,大中年製,exact,True,True,0.209887,
known,China,drop_last_char,大中年,大中年製,大中年製,substring,True,True,0.166879,
known,China,drop_first_char,中年製,大中年製,光中年製,substring,False,False,0.164731,
known,Other,exact_full,咸通年製,咸通年製,咸通年製,exact,True,True,0.222011,
known,Other,drop_last_char,咸通年,咸通年製,咸通年製,substring,True,True,0.165106,
known,Other,drop_first_char,通年製,咸通年製,咸通年製,substring,True,True,0.164937,
known,Other,exact_full,乾符年製,乾符年製,乾符年製,exact,True,True,0.209313,
known,Other,drop_last_char,乾符年,乾符年製,乾符年製,substring,True,True,0.168791,
known,Other,drop_first_char,符年製,乾符年製,大中祥符年製,substring,False,True,0.164085,
known,Other,single_confusion,輪符年製,乾符年製,大中祥符年製,fuzzy_tiedecision,False,True,0.239186,
known,Other,exact_full,廣明年製,廣明年製,廣明年製,exact,True,True,0.218175,
known,Other,drop_last_char,廣明年,廣明年製,廣明年製,substring,True,True,0.165818,
known,Other,drop_first_char,明年製,廣明年製,大明年製,substring,False,True,0.16263,
known,China,exact_full,中和年製,中和年製,中和年製,exact,True,True,0.218124,
known,China,drop_last_char,中和年,中和年製,中和年製,substring,True,True,0.166084,
known,China,drop_first_char,和年製,中和年製,協和年製,substring,False,False,0.156691,
known,Other,exact_full,光啟年製,光啟年製,光啟年製,exact,True,True,0.208126,
known,Other,drop_last_char,光啟年,光啟年製,光啟年製,substring,True,True,0.164074,
known,Other,drop_first_char,啟年製,光啟年製,大明天啟年製,substring,False,True,0.161924,
known,Other,single_confusion,先啟年製,光啟年製,大明天啟年製,fuzzy_tiedecision,False,True,0.229567,
known,Other,exact_full,文德年製,文德年製,文德年製,exact,True,True,0.207126,
known,Other,drop_last_char,文德年,文德年製,文德年製,substring,True,True,0.168827,
known,Other,drop_first_char,德年製,文德年製,大明宣德年製,substring,False,False,0.164552,
known,Other,single_confusion,文徳年製,文德年製,文德年製,fuzzy_tiedecision,True,True,0.23001,
known,Other,exact_full,龍紀年製,龍紀年製,龍紀年製,exact,True,True,0.214569,
known,Other,drop_last_char,龍紀年,龍紀年製,龍,substring,False,True,0.16583,
known,Other,drop_first_char,紀年製,龍紀年製,龍紀年製,substring,True,True,0.159704,
known,Other,exact_full,大順年製,大順年製,大順年製,exact,True,True,0.205223,
known,Other,drop_last_char,大順年,大順年製,大順年製,substring,True,True,0.165188,
known,Other,drop_first_char,順年製,大順年製,大明天順年製,substring,False,False,0.163342,
known,Other,exact_full,景福年製,景福年製,景福年製,exact,True,True,0.210762,
known,Other,drop_last_char,景福年,景福年製,福,substring,False,True,0.163699,
known,Other,drop_first_char,福年製,景福年製,建福年製,substring,False,True,0.165058,
known,Other,exact_full,乾寧年製,乾寧年製,乾寧年製,exact,True,True,0.208887,
known,Other,drop_last_char,乾寧年,乾寧年製,乾寧年製,substring,True,True,0.17174,
known,Other,drop_first_char,寧年製,乾寧年製,熙寧年製,substring,False,False,0.165221,
known,Other,single_confusion,輪寧年製,乾寧年製,熙寧年製,fuzzy_tiedecision,False,False,0.229775,
known,Other,exact_full,光化年製,光化年製,光化年製,exact,True,True,0.229904,
known,Other,drop_last_char,光化年,光化年製,光化年製,substring,True,True,0.163237,
known,Other,drop_first_char,化年製,光化年製,大明成化年製,substring,False,False,0.160838,
known,Other,single_confusion,先化年製,光化年製,大明成化年製,fuzzy_tiedecision,False,True,0.234189,
known,Other,exact_full,天復年製,天復年製,天復年製,exact,True,True,0.202345,
known,Other,drop_last_char,天復年,天復年製,天復年製,substring,True,True,0.16398,
known,Other,drop_first_char,復年製,天復年製,天復年製,substring,True,True,0.160742,
known,Other,exact_full,天祐年製,天祐年製,天祐年製,exact,True,True,0.206553,
known,Other,drop_last_char,天祐年,天祐年製,天祐年製,substring,True,True,0.164596,
known,Other,drop_first_char,祐年製,天祐年製,景祐年製,substring,False,False,0.203515,
known,Other,exact_full,開平年製,開平年製,開平年製,exact,True,True,0.218735,
known,Other,drop_last_char,開平年,開平年製,開平年製,substring,True,True,0.190091,
known,Other,drop_first_char,平年製,開平年製,龍瑞太平年製,substring,False,False,0.163257,
known,Other,exact_full,乾化年製,乾化年製,乾化年製,exact,True,True,0.214398,
known,Other,drop_last_char,乾化年,乾化年製,乾化年製,substring,True,True,0.176836,
known,Other,drop_first_char,化年製,乾化年製,大明成化年製,substring,False,False,0.199025,
known,Other,single_confusion,輪化年製,乾化年製,大明成化年製,fuzzy_tiedecision,False,False,0.231537,
known,Other,exact_full,貞明年製,貞明年製,貞明年製,exact,True,True,0.21702,
known,Other,drop_last_char,貞明年,貞明年製,貞明年製,substring,True,True,0.180619,
known,Other,drop_first_char,明年製,貞明年製,大明年製,substring,False,True,0.181708,
known,Other,exact_full,龍德年製,龍德年製,龍德年製,exact,True,True,0.211257,
known,Other,drop_last_char,龍德年,龍德年製,龍,substring,False,True,0.177186,
known,Other,drop_first_char,德年製,龍德年製,大明宣德年製,substring,False,False,0.183887,
known,Other,single_confusion,龍徳年製,龍德年製,龍,substring,False,True,0.213855,
known,Other,exact_full,同光年製,同光年製,同光年製,exact,True,True,0.23219,
known,Other,drop_last_char,同光年,同光年製,同光年製,substring,True,True,0.174874,
known,Other,drop_first_char,光年製,同光年製,大清道光年製,substring,False,False,0.167136,
known,Other,single_confusion,司光年製,同光年製,大清道光年製,fuzzy_tiedecision,False,False,0.244526,
known,Korea,exact_full,天成年製,天成年製,天成年製,exact,True,True,0.221866,
known,Korea,drop_last_char,天成年,天成年製,天成年製,substring,True,True,0.186866,
known,Korea,drop_first_char,成年製,天成年製,天成年製,substring,True,True,0.163387,
known,Korea,single_confusion,天咸年製,天成年製,大明天順年製,fuzzy_tiedecision,False,True,0.225525,
known,Other,exact_full,長興年製,長興年製,長興年製,exact,True,True,0.209347,
known,Other,drop_last_char,長興年,長興年製,長興年製,substring,True,True,0.181953,
known,Other,drop_first_char,興年製,長興年製,景興年製,substring,False,False,0.162502,
known,Other,exact_full,應順年製,應順年製,應順年製,exact,True,True,0.212023,
known,Other,drop_last_char,應順年,應順年製,應順年製,substring,True,True,0.171608,
known,Other,drop_first_char,順年製,應順年製,大明天順年製,substring,False,False,0.18053,
known,Other,exact_full,清泰年製,清泰年製,清泰年製,exact,True,True,0.212297,
known,Other,drop_last_char,清泰年,清泰年製,清泰年製,substring,True,True,0.17835,
known,Other,drop_first_char,泰年製,清泰年製,大明景泰年製,substring,False,False,0.164234,
known,Other,exact_full,天福年製,天福年製,天福年製,exact,True,True,0.201869,
known,Other,drop_last_char,天福年,天福年製,福,substring,False,True,0.164395,
known,Other,drop_first_char,福年製,天福年製,建福年製,substring,False,False,0.192803,
known,Other,exact_full,開運年製,開運年製,開運年製,exact,True,True,0.213792,
known,Other,drop_last_char,開運年,開運年製,開運年製,substring,True,True,0.172763,
known,Other,drop_first_char,運年製,開運年製,開運年製,substring,True,True,0.160461,
known,Other,exact_full,天福年製,天福年製,天福年製,exact,True,True,0.205913,
known,Other,drop_last_char,天福年,天福年製,福,substring,False,True,0.164545,
known,Other,drop_first_char,福年製,天福年製,建福年製,substring,False,False,0.161507,
known,Other,exact_full,乾祐年製,乾祐年製,乾祐年製,exact,True,True,0.20893,
known,Other,drop_last_char,乾祐年,乾祐年製,乾祐年製,substring,True,True,0.173178,
known,Other,drop_first_char,祐年製,乾祐年製,景祐年製,substring,False,False,0.161937,
known,Other,single_confusion,輪祐年製,乾祐年製,景祐年製,fuzzy_tiedecision,False,False,0.232831,
known,Other,exact_full,廣順年製,廣順年製,廣順年製,exact,True,True,0.207865,
known,Other,drop_last_char,廣順年,廣順年製,廣順年製,substring,True,True,0.166247,
known,Other,drop_first_char,順年製,廣順年製,大明天順年製,substring,False,False,0.163387,
known,Other,exact_full,顯德年製,顯德年製,顯德年製,exact,True,True,0.210767,
known,Other,drop_last_char,顯德年,顯德年製,顯德年製,substring,True,True,0.169866,
known,Other,drop_first_char,德年製,顯德年製,大明宣德年製,substring,False,False,0.162619,
known,Other,single_confusion,顯徳年製,顯德年製,顯慶年製,fuzzy_tiedecision,False,True,0.234225,
known,Other,exact_full,大梁年製,大梁年製,大梁年製,exact,True,True,0.206091,
known,Other,drop_last_char,大梁年,大梁年製,大梁年製,substring,True,True,0.177745,
known,Other,drop_first_char,梁年製,大梁年製,大梁年製,substring,True,True,0.218917,
known,Other,exact_full,五代年製,五代年製,五代年製,exact,True,True,0.220348,
known,Other,drop_last_char,五代年,五代年製,五代年製,substring,True,True,0.166055,
known,Other,drop_first_char,代年製,五代年製,五代年製,substring,True,True,0.159408,
known,Other,exact_full,南唐年製,南唐年製,南唐年製,exact,True,True,0.21611,
known,Other,drop_last_char,南唐年,南唐年製,南唐年製,substring,True,True,0.174489,
known,Other,drop_first_char,唐年製,南唐年製,南唐年製,substring,True,True,0.172865,
known,Other,exact_full,昇元年製,昇元年製,昇元年製,exact,True,True,0.213409,
known,Other,drop_last_char,昇元年,昇元年製,昇元年製,substring,True,True,0.169153,
known,Other,drop_first_char,元年製,昇元年製,寶元年製,substring,False,False,0.170242,
known,Other,exact_full,保大年製,保大年製,保大年製,exact,True,True,0.216488,
known,Other,drop_last_char,保大年,保大年製,保大年製,substring,True,True,0.175752,
known,Other,drop_first_char,大年製,保大年製,保大年製,substring,True,True,0.164379,
known,China,exact_full,中興年製,中興年製,中興年製,exact,True,True,0.218069,
known,China,drop_last_char,中興年,中興年製,中興年製,substring,True,True,0.169261,
known,China,drop_first_char,興年製,中興年製,景興年製,substring,False,False,0.164288,
known,Other,exact_full,交泰年製,交泰年製,交泰年製,exact,True,True,0.209099,
known,Other,drop_last_char,交泰年,交泰年製,交泰年製,substring,True,True,0.16989,
known,Other,drop_first_char,泰年製,交泰年製,大明景泰年製,substring,False,False,0.169266,
known,Other,exact_full,後蜀年製,後蜀年製,後蜀年製,exact,True,True,0.219518,
known,Other,drop_last_char,後蜀年,後蜀年製,後蜀年製,substring,True,True,0.184094,
known,Other,drop_first_char,蜀年製,後蜀年製,後蜀年製,substring,True,True,0.180373,
known,Other,exact_full,前蜀年製,前蜀年製,前蜀年製,exact,True,True,0.213573,
known,Other,drop_last_char,前蜀年,前蜀年製,前蜀年製,substring,True,True,0.169183,
known,Other,drop_first_char,蜀年製,前蜀年製,後蜀年製,substring,False,True,0.165911,
known,Vietnam,exact_full,吳越年製,吳越年製,吳越年製,exact,True,True,0.214879,
known,Vietnam,drop_last_char,吳越年,吳越年製,吳越年製,substring,True,True,0.167129,
known,Vietnam,drop_first_char,越年製,吳越年製,吳越年製,substring,True,True,0.177894,
known,Other,exact_full,楚國年製,楚國年製,楚國年製,exact,True,True,0.22035,
known,Other,drop_last_char,楚國年,楚國年製,楚國年製,substring,True,True,0.16562,
known,Other,drop_first_char,國年製,楚國年製,民國年製,substring,False,False,0.160318,
known,Other,exact_full,閩國年製,閩國年製,閩國年製,exact,True,True,0.207493,
known,Other,drop_last_char,閩國年,閩國年製,閩國年製,substring,True,True,0.175756,
known,Other,drop_first_char,國年製,閩國年製,民國年製,substring,False,False,0.166303,
known,Other,exact_full,顯道年製,顯道年製,顯道年製,exact,True,True,0.206191,
known,Other,drop_last_char,顯道年,顯道年製,顯道年製,substring,True,True,0.174925,
known,Other,drop_first_char,道年製,顯道年製,至道年製,substring,False,False,0.163641,
known,Other,single_confusion,顯遺年製,顯道年製,顯慶年製,fuzzy_tiedecision,False,True,0.252625,
known,Other,exact_full,開運年製,開運年製,開運年製,exact,True,True,0.208563,
known,Other,drop_last_char,開運年,開運年製,開運年製,substring,True,True,0.182106,
known,Other,drop_first_char,運年製,開運年製,開運年製,substring,True,True,0.184736,
known,Other,exact_full,大慶年製,大慶年製,大慶年製,exact,True,True,0.214915,
known,Other,drop_last_char,大慶年,大慶年製,大慶年製,substring,True,True,0.177165,
known,Other,drop_first_char,慶年製,大慶年製,大明隆慶年製,substring,False,False,0.163804,
known,Other,exact_full,天授禮法延祚年製,天授禮法延祚年製,天授禮法延祚年製,exact,True,True,0.370505,
known,Other,short_mark,延祚年製,天授禮法延祚年製,天授禮法延祚年製,exact,True,True,0.215306,
known,Other,drop_last_char,天授禮法延祚年,天授禮法延祚年製,天授禮法延祚年製,substring,True,True,0.342103,
known,Other,drop_first_char,授禮法延祚年製,天授禮法延祚年製,天授禮法延祚年製,substring,True,True,0.355993,
known,Other,wrong_order_pair,授天禮法延祚年製,天授禮法延祚年製,天授禮法延祚年製,substring,True,True,0.384891,
known,Other,exact_full,天祐垂聖年製,天祐垂聖年製,天祐垂聖年製,exact,True,True,0.331084,
known,Other,short_mark,垂聖年製,天祐垂聖年製,天祐垂聖年製,exact,True,True,0.235293,
known,Other,drop_last_char,天祐垂聖年,天祐垂聖年製,天祐垂聖年製,substring,True,True,0.287501,
known,Other,drop_first_char,祐垂聖年製,天祐垂聖年製,天祐垂聖年製,substring,True,True,0.295167,
known,Other,wrong_order_pair,祐天垂聖年製,天祐垂聖年製,天祐垂聖年製,substring,True,True,0.33754,
known,Other,exact_full,福聖承道年製,福聖承道年製,福聖承道年製,exact,True,True,0.371912,
known,Other,short_mark,承道年製,福聖承道年製,福聖承道年製,exact,True,True,0.260566,
known,Other,drop_last_char,福聖承道年,福聖承道年製,福,substring,False,True,0.351223,
known,Other,drop_first_char,聖承道年製,福聖承道年製,福聖承道年製,substring,True,True,0.269247,
known,Other,single_confusion,福聖承遺年製,福聖承道年製,福,substring,False,True,0.358259,
known,Other,wrong_order_pair,聖福承道年製,福聖承道年製,福,substring,False,True,0.319943,
known,Other,exact_full,奲都年製,奲都年製,奲都年製,exact,True,True,0.243163,
known,Other,drop_last_char,奲都年,奲都年製,奲都年製,substring,True,True,0.187684,
known,Other,drop_first_char,都年製,奲都年製,奲都年製,substring,True,True,0.171155,
known,Other,exact_full,拱化年製,拱化年製,拱化年製,exact,True,True,0.243964,
known,Other,drop_last_char,拱化年,拱化年製,拱化年製,substring,True,True,0.172275,
known,Other,drop_first_char,化年製,拱化年製,大明成化年製,substring,False,False,0.174077,
known,Other,single_confusion,拱花年製,拱化年製,拱化年製,fuzzy_tiedecision,True,True,0.279882,
known,Other,exact_full,乾道年製,乾道年製,乾道年製,exact,True,True,0.248497,
known,Other,drop_last_char,乾道年,乾道年製,乾道年製,substring,True,True,0.163656,
known,Other,drop_first_char,道年製,乾道年製,至道年製,substring,False,True,0.169168,
known,Other,single_confusion,輪道年製,乾道年製,至道年製,fuzzy_tiedecision,False,True,0.25174,
known,Other,exact_full,天賜禮盛國慶年製,天賜禮盛國慶年製,天賜禮盛國慶年製,exact,True,True,0.393994,
known,Other,short_mark,國慶年製,天賜禮盛國慶年製,天賜禮盛國慶年製,exact,True,True,0.2155,
known,Other,drop_last_char,天賜禮盛國慶年,天賜禮盛國慶年製,天賜禮盛國慶年製,substring,True,True,0.328976,
known,Other,drop_first_char,賜禮盛國慶年製,天賜禮盛國慶年製,天賜禮盛國慶年製,substring,True,True,0.341716,
known,Other,wrong_order_pair,賜天禮盛國慶年製,天賜禮盛國慶年製,天賜禮盛國慶年製,substring,True,True,0.396105,
known,Other,exact_full,大安年製,大安年製,大安年製,exact,True,True,0.230653,
known,Other,drop_last_char,大安年,大安年製,大安年製,substring,True,True,0.202493,
known,Other,drop_first_char,安年製,大安年製,大安年製,substring,True,True,0.171569,
known,Other,exact_full,天安禮定年製,天安禮定年製,天安禮定年製,exact,True,True,0.296323,
known,Other,short_mark,禮定年製,天安禮定年製,天安禮定年製,exact,True,True,0.218924,
known,Other,drop_last_char,天安禮定年,天安禮定年製,天安禮定年製,substring,True,True,0.269343,
known,Other,drop_first_char,安禮定年製,天安禮定年製,天安禮定年製,substring,True,True,0.265057,
known,Other,wrong_order_pair,安天禮定年製,天安禮定年製,天安禮定年製,substring,True,True,0.299061,
known,Other,exact_full,天儀治平年製,天儀治平年製,天儀治平年製,exact,True,True,0.281504,
known,Other,short_mark,治平年製,天儀治平年製,治平年製,exact,True,True,0.198023,
known,Other,drop_last_char,天儀治平年,天儀治平年製,天儀治平年製,substring,True,True,0.25185,
known,Other,drop_first_char,儀治平年製,天儀治平年製,治平年製,substring,True,True,0.24512,
known,Other,single_confusion,天儀冶平年製,天儀治平年製,天儀治平年製,fuzzy,True,True,0.316647,
known,Other,wrong_order_pair,儀天治平年製,天儀治平年製,治平年製,substring,True,True,0.290194,
known,Other,exact_full,天祐民安年製,天祐民安年製,天祐民安年製,exact,True,True,0.347536,
known,Other,short_mark,民安年製,天祐民安年製,天祐民安年製,exact,True,True,0.216886,
known,Other,drop_last_char,天祐民安年,天祐民安年製,天祐民安年製,substring,True,True,0.2703,
known,Other,drop_first_char,祐民安年製,天祐民安年製,天祐民安年製,substring,True,True,0.266478,
known,Other,wrong_order_pair,祐天民安年製,天祐民安年製,天祐民安年製,substring,True,True,0.310066,
known,Other,exact_full,永安年製,永安年製,永安年製,exact,True,True,0.212931,
known,Other,drop_last_char,永安年,永安年製,永安年製,substring,True,True,0.170265,
known,Other,drop_first_char,安年製,永安年製,大安年製,substring,False,False,0.165929,
known,Other,exact_full,貞觀年製,貞觀年製,貞觀年製,exact,True,True,0.218648,
known,Other,drop_last_char,貞觀年,貞觀年製,貞觀年製,substring,True,True,0.176319,
known,Other,drop_first_char,觀年製,貞觀年製,大觀年製,substring,False,True,0.174258,
known,Other,exact_full,雍寧年製,雍寧年製,雍寧年製,exact,True,True,0.218058,
known,Other,drop_last_char,雍寧年,雍寧年製,雍寧年製,substring,True,True,0.170092,
known,Other,drop_first_char,寧年製,雍寧年製,熙寧年製,substring,False,False,0.1671,
known,Other,single_confusion,雄寧年製,雍寧年製,熙寧年製,fuzzy_tiedecision,False,False,0.23736,
known,Other,exact_full,元德年製,元德年製,元德年製,exact,True,True,0.21671,
known,Other,drop_last_char,元德年,元德年製,元德年製,substring,True,True,0.16803,
known,Other,drop_first_char,德年製,元德年製,大明宣德年製,substring,False,False,0.1649,
known,Other,single_confusion,元徳年製,元德年製,元豐年製,fuzzy_tiedecision,False,True,0.238158,
known,Other,exact_full,正德年製,正德年製,大明正德年製,exact,True,True,0.211831,
known,Other,drop_last_char,正德年,正德年製,大明正德年製,substring,True,True,0.178661,
known,Other,drop_first_char,德年製,正德年製,大明宣德年製,substring,False,True,0.16822,
known,Other,single_confusion,王德年製,正德年製,大明宣德年製,fuzzy_tiedecision,False,True,0.240093,
known,Other,exact_full,大德年製,大德年製,大德年製,exact,True,True,0.212318,
known,Other,drop_last_char,大德年,大德年製,大德年製,substring,True,True,0.167481,
known,Other,drop_first_char,德年製,大德年製,大明宣德年製,substring,False,False,0.16945,
known,Other,single_confusion,大徳年製,大德年製,大明年製,fuzzy_tiedecision,False,True,0.257025,
known,Other,exact_full,大慶年製,大慶年製,大慶年製,exact,True,True,0.214905,
known,Other,drop_last_char,大慶年,大慶年製,大慶年製,substring,True,True,0.184159,
known,Other,drop_first_char,慶年製,大慶年製,大明隆慶年製,substring,False,False,0.175253,
known,Other,exact_full,人慶年製,人慶年製,人慶年製,exact,True,True,0.21292,
known,Other,drop_last_char,人慶年,人慶年製,人慶年製,substring,True,True,0.172912,
known,Other,drop_first_char,慶年製,人慶年製,大明隆慶年製,substring,False,False,0.162922,
known,Other,exact_full,天盛年製,天盛年製,天盛年製,exact,True,True,0.240861,
known,Other,drop_last_char,天盛年,天盛年製,天盛年製,substring,True,True,0.192578,
known,Other,drop_first_char,盛年製,天盛年製,景盛年製,substring,False,False,0.179512,
known,Other,exact_full,乾祐年製,乾祐年製,乾祐年製,exact,True,True,0.21613,
known,Other,drop_last_char,乾祐年,乾祐年製,乾祐年製,substring,True,True,0.165585,
known,Other,drop_first_char,祐年製,乾祐年製,景祐年製,substring,False,False,0.163467,
known,Other,single_confusion,輪祐年製,乾祐年製,景祐年製,fuzzy_tiedecision,False,False,0.22649,
known,Other,exact_full,天慶年製,天慶年製,天慶年製,exact,True,True,0.205277,
known,Other,drop_last_char,天慶年,天慶年製,天慶年製,substring,True,True,0.173131,
known,Other,drop_first_char,慶年製,天慶年製,大明隆慶年製,substring,False,False,0.161527,
known,Other,exact_full,應天年製,應天年製,應天年製,exact,True,True,0.205193,
known,Other,drop_last_char,應天年,應天年製,應天年製,substring,True,True,0.166697,
known,Other,drop_first_char,天年製,應天年製,順天年製,substring,False,False,0.161705,
known,Other,exact_full,皇建年製,皇建年製,皇建年製,exact,True,True,0.205776,
known,Other,drop_last_char,皇建年,皇建年製,皇建年製,substring,True,True,0.182031,
known,Other,drop_first_char,建年製,皇建年製,皇建年製,substring,True,True,0.207819,
known,Other,exact_full,光定年製,光定年製,光定年製,exact,True,True,0.236023,
known,Other,drop_last_char,光定年,光定年製,光定年製,substring,True,True,0.164479,
known,Other,drop_first_char,定年製,光定年製,啟定年製,substring,False,False,0.169037,
known,Other,single_confusion,先定年製,光定年製,啟定年製,fuzzy_tiedecision,False,True,0.267006,
known,Other,exact_full,寶義年製,寶義年製,寶義年製,exact,True,True,0.21782,
known,Other,drop_last_char,寶義年,寶義年製,寶義年製,substring,True,True,0.167386,
known,Other,drop_first_char,義年製,寶義年製,寶義年製,substring,True,True,0.163761,
known,Other,exact_full,大慶年製,大慶年製,大慶年製,exact,True,True,0.210392,
known,Other,drop_last_char,大慶年,大慶年製,大慶年製,substring,True,True,0.174904,
known,Other,drop_first_char,慶年製,大慶年製,大明隆慶年製,substring,False,False,0.187977,
known,Other,exact_full,大夏年製,大夏年製,大夏年製,exact,True,True,0.217431,
known,Other,drop_last_char,大夏年,大夏年製,大夏年製,substring,True,True,0.164943,
known,Other,drop_first_char,夏年製,大夏年製,大夏年製,substring,True,True,0.159847,
known,Other,exact_full,西夏年製,西夏年製,西夏年製,exact,True,True,0.212102,
known,Other,drop_last_char,西夏年,西夏年製,西夏年製,substring,True,True,0.187493,
known,Other,drop_first_char,夏年製,西夏年製,大夏年製,substring,False,True,0.170446,
known,Other,exact_full,白高國年製,白高國年製,白高國年製,exact,True,True,0.257253,
known,Other,drop_last_char,白高國年,白高國年製,白高國年製,substring,True,True,0.221915,
known,Other,drop_first_char,高國年製,白高國年製,白高國年製,substring,True,True,0.214774,
known,Other,exact_full,夏國年製,夏國年製,夏國年製,exact,True,True,0.220796,
known,Other,drop_last_char,夏國年,夏國年製,夏國年製,substring,True,True,0.172485,
known,Other,drop_first_char,國年製,夏國年製,民國年製,substring,False,False,0.16653,
known,Other,exact_full,天盛御製,天盛御製,天盛御製,exact,True,True,0.275049,
known,Other,drop_last_char,天盛御,天盛御製,天盛御製,substring,True,True,0.194576,
known,Other,drop_first_char,盛御製,天盛御製,御製,substring,False,True,0.183201,
known,Other,exact_full,乾祐御製,乾祐御製,乾祐御製,exact,True,True,0.237815,
known,Other,drop_last_char,乾祐御,乾祐御製,乾祐御製,substring,True,True,0.177121,
known,Other,drop_first_char,祐御製,乾祐御製,御製,substring,False,True,0.171364,
known,Other,single_confusion,輪祐御製,乾祐御製,御製,substring,False,True,0.21904,
known,Other,exact_full,光定御製,光定御製,光定御製,exact,True,True,0.214674,
known,Other,drop_last_char,光定御,光定御製,光定御製,substring,True,True,0.172129,
known,Other,drop_first_char,定御製,光定御製,御製,substring,False,True,0.167413,
known,Other,single_confusion,先定御製,光定御製,御製,substring,False,True,0.231428,
known,Other,exact_full,大夏御製,大夏御製,大夏御製,exact,True,True,0.216408,
known,Other,drop_last_char,大夏御,大夏御製,大夏年製,substring,False,True,0.176645,
known,Other,drop_first_char,夏御製,大夏御製,御製,substring,False,True,0.169451,
known,Other,exact_full,西夏御製,西夏御製,西夏御製,exact,True,True,0.210755,
known,Other,drop_last_char,西夏御,西夏御製,西夏年製,substring,False,True,0.179552,
known,Other,drop_first_char,夏御製,西夏御製,御製,substring,False,True,0.169225,
known,Other,exact_full,夏王府製,夏王府製,夏王府製,exact,True,True,0.247796,
known,Other,short_mark,王府製,夏王府製,夏王府製,exact,True,True,0.279482,
known,Other,drop_last_char,夏王府,夏王府製,夏王府製,substring,True,True,0.193805,
known,Other,exact_full,文德年製,文德年製,文德年製,exact,True,True,0.223816,
known,Other,drop_last_char,文德年,文德年製,文德年製,substring,True,True,0.175211,
known,Other,drop_first_char,德年製,文德年製,大明宣德年製,substring,False,False,0.172169,
known,Other,single_confusion,文徳年製,文德年製,文德年製,fuzzy_tiedecision,True,True,0.224584,
known,Other,exact_full,神武年製,神武年製,神武年製,exact,True,True,0.216162,
known,Other,drop_last_char,神武年,神武年製,神武年製,substring,True,True,0.168979,
known,Other,drop_first_char,武年製,神武年製,大明洪武年製,substring,False,True,0.160075,
known,Other,exact_full,文經年製,文經年製,文經年製,exact,True,True,0.210776,
known,Other,drop_last_char,文經年,文經年製,文經年製,substring,True,True,0.167973,
known,Other,drop_first_char,經年製,文經年製,文經年製,substring,True,True,0.157274,
known,Other,exact_full,至治年製,至治年製,至治年製,exact,True,True,0.205855,
known,Other,drop_last_char,至治年,至治年製,至治年製,substring,True,True,0.163954,
known,Other,drop_first_char,治年製,至治年製,大明弘治年製,substring,False,False,0.159467,
known,Other,single_confusion,至冶年製,至治年製,至道年製,fuzzy_tiedecision,False,True,0.265147,
known,Other,exact_full,明德年製,明德年製,明德年製,exact,True,True,0.209503,
known,Other,drop_last_char,明德年,明德年製,明德年製,substring,True,True,0.159847,
known,Other,drop_first_char,德年製,明德年製,大明宣德年製,substring,False,False,0.156802,
known,Other,single_confusion,明徳年製,明德年製,明命年製,fuzzy_tiedecision,False,True,0.222206,
known,Other,exact_full,廣德年製,廣德年製,廣德年製,exact,True,True,0.202972,
known,Other,drop_last_char,廣德年,廣德年製,廣德年製,substring,True,True,0.160951,
known,Other,drop_first_char,德年製,廣德年製,大明宣德年製,substring,False,False,0.155317,
known,Other,single_confusion,廣徳年製,廣德年製,廣德年製,fuzzy_tiedecision,True,True,0.221803,
known,Other,exact_full,順德年製,順德年製,順德年製,exact,True,True,0.200176,
known,Other,drop_last_char,順德年,順德年製,順德年製,substring,True,True,0.158067,
known,Other,drop_first_char,德年製,順德年製,大明宣德年製,substring,False,False,0.157965,
known,Other,single_confusion,順徳年製,順德年製,大清順治年製,fuzzy_tiedecision,False,True,0.221141,
known,Other,exact_full,明政年製,明政年製,明政年製,exact,True,True,0.200186,
known,Other,drop_last_char,明政年,明政年製,明政年製,substring,True,True,0.161199,
known,Other,drop_first_char,政年製,明政年製,明政年製,substring,True,True,0.154652,
known,Other,exact_full,廣明年製,廣明年製,廣明年製,exact,True,True,0.201153,
known,Other,drop_last_char,廣明年,廣明年製,廣明年製,substring,True,True,0.157042,
known,Other,drop_first_char,明年製,廣明年製,大明年製,substring,False,True,0.154354,
known,Other,exact_full,明應年製,明應年製,明應年製,exact,True,True,0.19672,
known,Other,drop_last_char,明應年,明應年製,明應年製,substring,True,True,0.157547,
known,Other,drop_first_char,應年製,明應年製,寶應年製,substring,False,True,0.154802,
known,Other,exact_full,明統年製,明統年製,明統年製,exact,True,True,0.197373,
known,Other,drop_last_char,明統年,明統年製,明統年製,substring,True,True,0.159532,
known,Other,drop_first_char,統年製,明統年製,大明正統年製,substring,False,False,0.152387,
known,Other,exact_full,明聖年製,明聖年製,明聖年製,exact,True,True,0.201843,
known,Other,drop_last_char,明聖年,明聖年製,明聖年製,substring,True,True,0.157132,
known,Other,drop_first_char,聖年製,明聖年製,天聖年製,substring,False,False,0.157408,
known,Other,exact_full,明治年製,明治年製,明治年製,exact,True,True,0.201408,
known,Other,drop_last_char,明治年,明治年製,明治年製,substring,True,True,0.15972,
known,Other,drop_first_char,治年製,明治年製,大明弘治年製,substring,False,False,0.173373,
known,Other,single_confusion,明冶年製,明治年製,明命年製,fuzzy_tiedecision,False,True,0.221898,
known,Other,exact_full,治安年製,治安年製,治安年製,exact,True,True,0.205442,
known,Other,drop_last_char,治安年,治安年製,治安年製,substring,True,True,0.175377,
known,Other,drop_first_char,安年製,治安年製,大安年製,substring,False,False,0.156871,
known,Other,single_confusion,冶安年製,治安年製,大安年製,fuzzy_tiedecision,False,True,0.218614,
known,Other,exact_full,明通年製,明通年製,明通年製,exact,True,True,0.198435,
known,Other,drop_last_char,明通年,明通年製,明通年製,substring,True,True,0.160324,
known,Other,drop_first_char,通年製,明通年製,咸通年製,substring,False,True,0.158962,
known,Other,exact_full,聖德年製,聖德年製,聖德年製,exact,True,True,0.196649,
known,Other,drop_last_char,聖德年,聖德年製,聖德年製,substring,True,True,0.160224,
known,Other,drop_first_char,德年製,聖德年製,大明宣德年製,substring,False,False,0.15606,
known,Other,single_confusion,聖徳年製,聖德年製,聖曆年製,fuzzy_tiedecision,False,True,0.22226,
known,Other,exact_full,天明年製,天明年製,天明年製,exact,True,True,0.204435,
known,Other,drop_last_char,天明年,天明年製,天明年製,substring,True,True,0.156962,
known,Other,drop_first_char,明年製,天明年製,大明年製,substring,False,False,0.155899,
known,Other,exact_full,保安年製,保安年製,保安年製,exact,True,True,0.202653,
known,Other,drop_last_char,保安年,保安年製,保安年製,substring,True,True,0.161696,
known,Other,drop_first_char,安年製,保安年製,大安年製,substring,False,False,0.154222,
known,Other,exact_full,正安年製,正安年製,正安年製,exact,True,True,0.201309,
known,Other,drop_last_char,正安年,正安年製,正安年製,substring,True,True,0.161106,
known,Other,drop_first_char,安年製,正安年製,大安年製,substring,False,False,0.155158,
known,Other,single_confusion,王安年製,正安年製,大安年製,fuzzy_tiedecision,False,False,0.220542,
known,Other,exact_full,正德年製,正德年製,大明正德年製,exact,True,True,0.197777,
known,Other,drop_last_char,正德年,正德年製,大明正德年製,substring,True,True,0.158382,
known,Other,drop_first_char,德年製,正德年製,大明宣德年製,substring,False,True,0.156516,
known,Other,single_confusion,王德年製,正德年製,大明宣德年製,fuzzy_tiedecision,False,True,0.227433,
known,Other,exact_full,保定年製,保定年製,保定年製,exact,True,True,0.195595,
known,Other,drop_last_char,保定年,保定年製,保定年製,substring,True,True,0.158597,
known,Other,drop_first_char,定年製,保定年製,啟定年製,substring,False,False,0.158459,
known,Other,exact_full,建安年製,建安年製,建安年製,exact,True,True,0.19933,
known,Other,drop_last_char,建安年,建安年製,建安年製,substring,True,True,0.161264,
known,Other,drop_first_char,安年製,建安年製,大安年製,substring,False,False,0.159482,
known,Other,exact_full,天祐年製,天祐年製,天祐年製,exact,True,True,0.199037,
known,Other,drop_last_char,天祐年,天祐年製,天祐年製,substring,True,True,0.158681,
known,Other,drop_first_char,祐年製,天祐年製,景祐年製,substring,False,False,0.156559,
known,Other,exact_full,鳳曆年製,鳳曆年製,鳳曆年製,exact,True,True,0.200499,
known,Other,drop_last_char,鳳曆年,鳳曆年製,鳳曆年製,substring,True,True,0.161352,
known,Other,drop_first_char,曆年製,鳳曆年製,大明萬曆年製,substring,False,False,0.156861,
known,Other,single_confusion,鳳歴年製,鳳曆年製,閣羅鳳年製,fuzzy,False,True,0.218954,
known,Other,exact_full,元亨年製,元亨年製,元亨年製,exact,True,True,0.198219,
known,Other,drop_last_char,元亨年,元亨年製,元亨年製,substring,True,True,0.158428,
known,Other,drop_first_char,亨年製,元亨年製,乾亨年製,substring,False,True,0.15457,
known,Other,exact_full,安定年製,安定年製,安定年製,exact,True,True,0.197851,
known,Other,drop_last_char,安定年,安定年製,安定年製,substring,True,True,0.161921,
known,Other,drop_first_char,定年製,安定年製,啟定年製,substring,False,False,0.15737,
known,Other,exact_full,盛明年製,盛明年製,盛明年製,exact,True,True,0.200012,
known,Other,drop_last_char,盛明年,盛明年製,盛明年製,substring,True,True,0.159597,
known,Other,drop_first_char,明年製,盛明年製,大明年製,substring,False,False,0.153823,
known,Other,exact_full,嘉會年製,嘉會年製,嘉會年製,exact,True,True,0.195043,
known,Other,drop_last_char,嘉會年,嘉會年製,嘉會年製,substring,True,True,0.160442,
known,Other,drop_first_char,會年製,嘉會年製,天會年製,substring,False,True,0.15827,
known,Other,exact_full,元永年製,元永年製,元永年製,exact,True,True,0.196539,
known,Other,drop_last_char,元永年,元永年製,元永年製,substring,True,True,0.155746,
known,Other,drop_first_char,永年製,元永年製,元永年製,substring,True,True,0.153156,
known,Other,exact_full,保天年製,保天年製,保天年製,exact,True,True,0.197191,
known,Other,drop_last_char,保天年,保天年製,保天年製,substring,True,True,0.156744,
known,Other,drop_first_char,天年製,保天年製,順天年製,substring,False,False,0.153192,
known,Other,exact_full,廣運年製,廣運年製,廣運年製,exact,True,True,0.197277,
known,Other,drop_last_char,廣運年,廣運年製,廣運年製,substring,True,True,0.157887,
known,Other,drop_first_char,運年製,廣運年製,開運年製,substring,False,True,0.158741,
known,Other,exact_full,永貞年製,永貞年製,永貞年製,exact,True,True,0.195611,
known,Other,drop_last_char,永貞年,永貞年製,永貞年製,substring,True,True,0.154983,
known,Other,drop_first_char,貞年製,永貞年製,元貞年製,substring,False,True,0.154027,
known,Other,exact_full,大寶年製,大寶年製,大寶年製,exact,True,True,0.200686,
known,Other,drop_last_char,大寶年,大寶年製,大寶年製,substring,True,True,0.155885,
known,Other,drop_first_char,寶年製,大寶年製,紹寶年製,substring,False,False,0.154342,
known,Other,exact_full,龍興年製,龍興年製,龍興年製,exact,True,True,0.195443,
known,Other,drop_last_char,龍興年,龍興年製,龍,substring,False,True,0.157328,
known,Other,drop_first_char,興年製,龍興年製,景興年製,substring,False,False,0.154513,
known,Other,exact_full,盛德年製,盛德年製,盛德年製,exact,True,True,0.196825,
known,Other,drop_last_char,盛德年,盛德年製,盛德年製,substring,True,True,0.158056,
known,Other,drop_first_char,德年製,盛德年製,大明宣德年製,substring,False,False,0.153982,
known,Other,single_confusion,盛徳年製,盛德年製,盛明年製,fuzzy_tiedecision,False,True,0.218449,
known,Other,exact_full,利貞年製,利貞年製,利貞年製,exact,True,True,0.194704,
known,Other,drop_last_char,利貞年,利貞年製,利貞年製,substring,True,True,0.156956,
known,Other,drop_first_char,貞年製,利貞年製,元貞年製,substring,False,False,0.15506,
known,Other,exact_full,天開年製,天開年製,天開年製,exact,True,True,0.196719,
known,Other,drop_last_char,天開年,天開年製,天開年製,substring,True,True,0.156481,
known,Other,drop_first_char,開年製,天開年製,天開年製,substring,True,True,0.151847,
known,Other,exact_full,天輔年製,天輔年製,天輔年製,exact,True,True,0.195939,
known,Other,drop_last_char,天輔年,天輔年製,天輔年製,substring,True,True,0.154215,
known,Other,drop_first_char,輔年製,天輔年製,天輔年製,substring,True,True,0.154192,
known,Other,exact_full,仁壽年製,仁壽年製,仁壽年製,exact,True,True,0.199147,
known,Other,drop_last_char,仁壽年,仁壽年製,仁壽府,substring,False,True,0.157081,
known,Other,drop_first_char,壽年製,仁壽年製,壽,substring,False,True,0.153696,
known,Other,exact_full,開禧年製,開禧年製,開禧年製,exact,True,True,0.193317,
known,Other,drop_last_char,開禧年,開禧年製,開禧年製,substring,True,True,0.155456,
known,Other,drop_first_char,禧年製,開禧年製,天禧年製,substring,False,True,0.15295,
known,Other,exact_full,贊普鐘年製,贊普鐘年製,贊普鐘年製,exact,True,True,0.238486,
known,Other,short_mark,鐘年製,贊普鐘年製,贊普鐘年製,exact,True,True,0.15338,
known,Other,drop_last_char,贊普鐘年,贊普鐘年製,贊普鐘年製,substring,True,True,0.206352,
known,Other,drop_first_char,普鐘年製,贊普鐘年製,贊普鐘年製,substring,True,True,0.195871,
known,Other,exact_full,閣羅鳳年製,閣羅鳳年製,閣羅鳳年製,exact,True,True,0.23846,
known,Other,short_mark,鳳年製,閣羅鳳年製,閣羅鳳年製,exact,True,True,0.15375,
known,Other,drop_last_char,閣羅鳳年,閣羅鳳年製,閣羅鳳年製,substring,True,True,0.206114,
known,Other,drop_first_char,羅鳳年製,閣羅鳳年製,閣羅鳳年製,substring,True,True,0.198029,
known,Other,exact_full,鳳迦異年製,鳳迦異年製,鳳迦異年製,exact,True,True,0.242795,
known,Other,short_mark,異年製,鳳迦異年製,鳳迦異年製,exact,True,True,0.15594,
known,Other,drop_last_char,鳳迦異年,鳳迦異年製,鳳迦異年製,substring,True,True,0.209749,
known,Other,drop_first_char,迦異年製,鳳迦異年製,鳳迦異年製,substring,True,True,0.199897,
known,Other,exact_full,勸龍晟年製,勸龍晟年製,勸龍晟年製,exact,True,True,0.249018,
known,Other,short_mark,晟年製,勸龍晟年製,勸龍晟年製,exact,True,True,0.154047,
known,Other,drop_last_char,勸龍晟年,勸龍晟年製,龍,substring,False,True,0.209099,
known,Other,drop_first_char,龍晟年製,勸龍晟年製,龍,substring,False,True,0.200134,
known,Other,exact_full,勸利晟年製,勸利晟年製,勸利晟年製,exact,True,True,0.247435,
known,Other,short_mark,利晟年製,勸利晟年製,勸利晟年製,exact,True,True,0.202036,
known,Other,drop_last_char,勸利晟年,勸利晟年製,勸利晟年製,substring,True,True,0.218397,
known,Other,exact_full,勸豐祐年製,勸豐祐年製,勸豐祐年製,exact,True,True,0.241438,
known,Other,short_mark,豐祐年製,勸豐祐年製,勸豐祐年製,exact,True,True,0.2039,
known,Other,drop_last_char,勸豐祐年,勸豐祐年製,勸豐祐年製,substring,True,True,0.215275,
known,Other,exact_full,世隆年製,世隆年製,世隆年製,exact,True,True,0.19839,
known,Other,drop_last_char,世隆年,世隆年製,世隆年製,substring,True,True,0.161038,
known,Other,drop_first_char,隆年製,世隆年製,大清乾隆年製,substring,False,False,0.155201,
known,Other,single_confusion,世蓬年製,世隆年製,世隆年製,fuzzy_tiedecision,True,True,0.219535,
known,Other,exact_full,隆舜年製,隆舜年製,隆舜年製,exact,True,True,0.205295,
known,Other,drop_last_char,隆舜年,隆舜年製,隆舜年製,substring,True,True,0.160122,
known,Other,drop_first_char,舜年製,隆舜年製,隆舜年製,substring,True,True,0.156265,
known,Other,single_confusion,蓬舜年製,隆舜年製,隆舜年製,fuzzy_tiedecision,True,True,0.218391,
known,Other,exact_full,舜化貞年製,舜化貞年製,舜化貞年製,exact,True,True,0.239331,
known,Other,short_mark,化貞年製,舜化貞年製,舜化貞年製,exact,True,True,0.196061,
known,Other,drop_last_char,舜化貞年,舜化貞年製,舜化貞年製,substring,True,True,0.205531,
known,Other,single_confusion,舜花貞年製,舜化貞年製,舜化貞年製,fuzzy,True,True,0.265746,
known,Other,exact_full,大蒙年製,大蒙年製,大蒙年製,exact,True,True,0.194707,
known,Other,drop_last_char,大蒙年,大蒙年製,大蒙年製,substring,True,True,0.158353,
known,Other,drop_first_char,蒙年製,大蒙年製,大蒙年製,substring,True,True,0.155761,
known,Other,exact_full,南詔年製,南詔年製,南詔年製,exact,True,True,0.2032,
known,Other,drop_last_char,南詔年,南詔年製,南詔年製,substring,True,True,0.157613,
known,Other,drop_first_char,詔年製,南詔年製,南詔年製,substring,True,True,0.164555,
known,Korea,exact_full,陽苴咩城製,陽苴咩城製,陽苴咩城製,exact,True,True,0.24505,
known,Korea,short_mark,城製,陽苴咩城製,陽苴咩城製,exact,True,True,0.114521,
known,Korea,drop_last_char,陽苴咩城,陽苴咩城製,陽苴咩城製,substring,True,True,0.212907,
known,Korea,drop_first_char,苴咩城製,陽苴咩城製,陽苴咩城製,substring,True,True,0.209601,
known,Korea,exact_full,太和城製,太和城製,太和城製,exact,True,True,0.207552,
known,Korea,short_mark,城製,太和城製,陽苴咩城製,exact,True,True,0.110425,
known,Korea,drop_last_char,太和城,太和城製,太和城製,exact,True,True,0.16189,
known,Korea,drop_first_char,和城製,太和城製,陽苴咩城製,substring,True,True,0.162302,
known,Other,exact_full,大理前國製,大理前國製,大理前國製,exact,True,True,0.248371,
known,Other,short_mark,國製,大理前國製,大理前國製,exact,True,True,0.109129,
known,Other,drop_last_char,大理前國,大理前國製,大理前國製,exact,True,True,0.213036,
known,Other,drop_first_char,理前國製,大理前國製,大理前國製,substring,True,True,0.207272,
known,Other,exact_full,蒙舍詔製,蒙舍詔製,蒙舍詔製,exact,True,True,0.203577,
known,Other,short_mark,詔製,蒙舍詔製,蒙舍詔製,exact,True,True,0.110301,
known,Other,drop_last_char,蒙舍詔,蒙舍詔製,蒙舍詔製,exact,True,True,0.163486,
known,Other,drop_first_char,舍詔製,蒙舍詔製,蒙舍詔製,substring,True,True,0.160715,
known,Other,exact_full,六詔年製,六詔年製,六詔年製,exact,True,True,0.196784,
known,Other,drop_last_char,六詔年,六詔年製,六詔年製,substring,True,True,0.159276,
known,Other,drop_first_char,詔年製,六詔年製,南詔年製,substring,False,True,0.155064,
known,China,exact_full,南中王製,南中王製,南中王製,exact,True,True,0.209861,
known,China,short_mark,王製,南中王製,南中王製,exact,True,True,0.113762,
known,China,drop_last_char,南中王,南中王製,南中王製,exact,True,True,0.167448,
known,China,drop_first_char,中王製,南中王製,南中王製,substring,True,True,0.161721,
known,Other,exact_full,詔王府製,詔王府製,詔王府製,exact,True,True,0.210193,
known,Other,short_mark,府製,詔王府製,詔王府製,exact,True,True,0.112307,
known,Other,drop_last_char,詔王府,詔王府製,詔王府製,exact,True,True,0.165354,
known,Other,drop_first_char,王府製,詔王府製,夏王府製,exact,False,True,0.162742,
known,Other,exact_full,南詔御製,南詔御製,南詔御製,exact,True,True,0.205255,
known,Other,short_mark,御製,南詔御製,御製,exact,True,True,0.108999,
known,Other,drop_last_char,南詔御,南詔御製,南詔年製,substring,False,True,0.168694,
known,Other,drop_first_char,詔御製,南詔御製,御製,substring,True,True,0.160599,
known,Other,exact_full,大蒙御製,大蒙御製,大蒙御製,exact,True,True,0.205284,
known,Other,short_mark,御製,大蒙御製,御製,exact,True,True,0.110977,
known,Other,drop_last_char,大蒙御,大蒙御製,大蒙年製,substring,False,True,0.168131,
known,Other,drop_first_char,蒙御製,大蒙御製,御製,substring,True,True,0.161087,
known,Other,exact_full,太平年製,太平年製,龍瑞太平年製,exact,True,True,0.192874,
known,Other,drop_last_char,太平年,太平年製,龍瑞太平年製,substring,True,True,0.156129,
known,Other,drop_first_char,平年製,太平年製,龍瑞太平年製,substring,True,True,0.15345,
known,Vietnam,exact_full,興統年製,興統年製,興統年製,exact,True,True,0.199161,
known,Vietnam,drop_last_char,興統年,興統年製,興統年製,substring,True,True,0.161465,
known,Vietnam,drop_first_char,統年製,興統年製,大明正統年製,substring,False,False,0.1581,
known,Vietnam,exact_full,應天年製,應天年製,應天年製,exact,True,True,0.199897,
known,Vietnam,drop_last_char,應天年,應天年製,應天年製,substring,True,True,0.172199,
known,Vietnam,drop_first_char,天年製,應天年製,順天年製,substring,False,False,0.155337,
known,Other,exact_full,通瑞年製,通瑞年製,通瑞年製,exact,True,True,0.205367,
known,Other,drop_last_char,通瑞年,通瑞年製,通瑞年製,substring,True,True,0.158782,
known,Other,drop_first_char,瑞年製,通瑞年製,通瑞年製,substring,True,True,0.161836,
known,Other,exact_full,乾符有道年製,乾符有道年製,乾符有道年製,exact,True,True,0.292728,
known,Other,short_mark,有道年製,乾符有道年製,乾符有道年製,exact,True,True,0.202227,
known,Other,drop_last_char,乾符有道年,乾符有道年製,乾符有道年製,substring,True,True,0.247084,
known,Other,drop_first_char,符有道年製,乾符有道年製,乾符有道年製,substring,True,True,0.249497,
known,Other,single_confusion,輪符有道年製,乾符有道年製,乾符有道年製,substring,True,True,0.288786,
known,Other,wrong_order_pair,符乾有道年製,乾符有道年製,乾符有道年製,substring,True,True,0.283613,
known,Other,exact_full,明道年製,明道年製,明道年製,exact,True,True,0.199762,
known,Other,drop_last_char,明道年,明道年製,明道年製,substring,True,True,0.159858,
known,Other,drop_first_char,道年製,明道年製,至道年製,substring,False,True,0.157085,
known,Other,single_confusion,明遺年製,明道年製,明命年製,fuzzy_tiedecision,False,True,0.223356,
known,Other,exact_full,天感聖武年製,天感聖武年製,天感聖武年製,exact,True,True,0.286573,
known,Other,short_mark,聖武年製,天感聖武年製,天感聖武年製,exact,True,True,0.200411,
known,Other,drop_last_char,天感聖武年,天感聖武年製,天感聖武年製,substring,True,True,0.250948,
known,Other,drop_first_char,感聖武年製,天感聖武年製,天感聖武年製,substring,True,True,0.24304,
known,Other,wrong_order_pair,感天聖武年製,天感聖武年製,天感聖武年製,substring,True,True,0.282,
known,Other,exact_full,崇興大寶年製,崇興大寶年製,崇興大寶年製,exact,True,True,0.28626,
known,Other,short_mark,大寶年製,崇興大寶年製,大寶年製,exact,True,True,0.200673,
known,Other,drop_last_char,崇興大寶年,崇興大寶年製,崇興大寶年製,substring,True,True,0.248368,
known,Other,drop_first_char,興大寶年製,崇興大寶年製,大寶年製,substring,True,True,0.24394,
known,Other,wrong_order_pair,興崇大寶年製,崇興大寶年製,大寶年製,substring,True,True,0.285087,
known,Other,exact_full,彰聖嘉慶年製,彰聖嘉慶年製,彰聖嘉慶年製,exact,True,True,0.281825,
known,Other,short_mark,嘉慶年製,彰聖嘉慶年製,大清嘉慶年製,exact,True,True,0.201047,
known,Other,drop_last_char,彰聖嘉慶年,彰聖嘉慶年製,彰聖嘉慶年製,substring,True,True,0.250703,
known,Other,drop_first_char,聖嘉慶年製,彰聖嘉慶年製,大清嘉慶年製,substring,True,True,0.248422,
known,Other,wrong_order_pair,聖彰嘉慶年製,彰聖嘉慶年製,大清嘉慶年製,substring,True,True,0.282845,
known,Other,exact_full,龍彰天嗣年製,龍彰天嗣年製,龍彰天嗣年製,exact,True,True,0.284791,
known,Other,short_mark,天嗣年製,龍彰天嗣年製,龍彰天嗣年製,exact,True,True,0.201503,
known,Other,drop_last_char,龍彰天嗣年,龍彰天嗣年製,龍,substring,False,True,0.250768,
known,Other,drop_first_char,彰天嗣年製,龍彰天嗣年製,龍彰天嗣年製,substring,True,True,0.242154,
known,Other,wrong_order_pair,彰龍天嗣年製,龍彰天嗣年製,龍,substring,False,True,0.281045,
known,Other,exact_full,天貺寶象年製,天貺寶象年製,天貺寶象年製,exact,True,True,0.27933,
known,Other,short_mark,寶象年製,天貺寶象年製,天貺寶象年製,exact,True,True,0.197949,
known,Other,drop_last_char,天貺寶象年,天貺寶象年製,天貺寶象年製,substring,True,True,0.24459,
known,Other,drop_first_char,貺寶象年製,天貺寶象年製,天貺寶象年製,substring,True,True,0.248518,
known,Other,wrong_order_pair,貺天寶象年製,天貺寶象年製,天貺寶象年製,substring,True,True,0.282799,
known,Other,exact_full,神武年製,神武年製,神武年製,exact,True,True,0.197699,
known,Other,drop_last_char,神武年,神武年製,神武年製,substring,True,True,0.158844,
known,Other,drop_first_char,武年製,神武年製,大明洪武年製,substring,False,True,0.155693,
known,Other,exact_full,太寧年製,太寧年製,太寧年製,exact,True,True,0.19684,
known,Other,drop_last_char,太寧年,太寧年製,太寧年製,substring,True,True,0.156979,
known,Other,drop_first_char,寧年製,太寧年製,熙寧年製,substring,False,False,0.156499,
known,Other,exact_full,英武昭勝年製,英武昭勝年製,英武昭勝年製,exact,True,True,0.282971,
known,Other,short_mark,昭勝年製,英武昭勝年製,英武昭勝年製,exact,True,True,0.201592,
known,Other,drop_last_char,英武昭勝年,英武昭勝年製,英武昭勝年製,substring,True,True,0.249016,
known,Other,drop_first_char,武昭勝年製,英武昭勝年製,英武昭勝年製,substring,True,True,0.244666,
known,Other,wrong_order_pair,武英昭勝年製,英武昭勝年製,英武昭勝年製,substring,True,True,0.283313,
known,Other,exact_full,廣祐年製,廣祐年製,廣祐年製,exact,True,True,0.198791,
known,Other,drop_last_char,廣祐年,廣祐年製,廣祐年製,substring,True,True,0.159163,
known,Other,drop_first_char,祐年製,廣祐年製,景祐年製,substring,False,False,0.156782,
known,Other,exact_full,會豐年製,會豐年製,會豐年製,exact,True,True,0.197667,
known,Other,drop_last_char,會豐年,會豐年製,會豐年製,substring,True,True,0.161495,
known,Other,drop_first_char,豐年製,會豐年製,大清咸豐年製,substring,False,True,0.153086,
known,Other,exact_full,龍符年製,龍符年製,龍符年製,exact,True,True,0.199143,
known,Other,drop_last_char,龍符年,龍符年製,龍,substring,False,True,0.157978,
known,Other,drop_first_char,符年製,龍符年製,大中祥符年製,substring,False,False,0.155935,
known,Other,exact_full,龍符元化年製,龍符元化年製,龍符元化年製,exact,True,True,0.283949,
known,Other,short_mark,元化年製,龍符元化年製,龍符元化年製,exact,True,True,0.198025,
known,Other,drop_last_char,龍符元化年,龍符元化年製,龍,substring,False,True,0.250839,
known,Other,drop_first_char,符元化年製,龍符元化年製,龍符元化年製,substring,True,True,0.244032,
known,Other,single_confusion,龍符元花年製,龍符元化年製,龍,substring,False,True,0.288226,
known,Other,wrong_order_pair,符龍元化年製,龍符元化年製,龍,substring,False,True,0.281456,
known,Other,exact_full,會祥大慶年製,會祥大慶年製,會祥大慶年製,exact,True,True,0.280794,
known,Other,short_mark,大慶年製,會祥大慶年製,大慶年製,exact,True,True,0.197065,
known,Other,drop_last_char,會祥大慶年,會祥大慶年製,會祥大慶年製,substring,True,True,0.252618,
known,Other,drop_first_char,祥大慶年製,會祥大慶年製,大慶年製,substring,True,True,0.242805,
known,Other,wrong_order_pair,祥會大慶年製,會祥大慶年製,大慶年製,substring,True,True,0.280951,
known,Other,exact_full,天符睿武年製,天符睿武年製,天符睿武年製,exact,True,True,0.282159,
known,Other,short_mark,睿武年製,天符睿武年製,天符睿武年製,exact,True,True,0.196616,
known,Other,drop_last_char,天符睿武年,天符睿武年製,天符睿武年製,substring,True,True,0.248343,
known,Other,drop_first_char,符睿武年製,天符睿武年製,天符睿武年製,substring,True,True,0.244437,
known,Other,wrong_order_pair,符天睿武年製,天符睿武年製,天符睿武年製,substring,True,True,0.289323,
known,Other,exact_full,天符慶壽年製,天符慶壽年製,天符慶壽年製,exact,True,True,0.282248,
known,Other,short_mark,慶壽年製,天符慶壽年製,天符慶壽年製,exact,True,True,0.203319,
known,Other,drop_last_char,天符慶壽年,天符慶壽年製,壽,substring,False,True,0.255223,
known,Other,drop_first_char,符慶壽年製,天符慶壽年製,壽,substring,False,True,0.244259,
known,Other,wrong_order_pair,符天慶壽年製,天符慶壽年製,壽,substring,False,True,0.283542,
known,Other,exact_full,大順年製,大順年製,大順年製,exact,True,True,0.197335,
known,Other,drop_last_char,大順年,大順年製,大順年製,substring,True,True,0.159078,
known,Other,drop_first_char,順年製,大順年製,大明天順年製,substring,False,False,0.154885,
known,Other,exact_full,天章寶嗣年製,天章寶嗣年製,天章寶嗣年製,exact,True,True,0.272762,
known,Other,short_mark,寶嗣年製,天章寶嗣年製,天章寶嗣年製,exact,True,True,0.19936,
known,Other,drop_last_char,天章寶嗣年,天章寶嗣年製,天章寶嗣年製,substring,True,True,0.257255,
known,Other,drop_first_char,章寶嗣年製,天章寶嗣年製,天章寶嗣年製,substring,True,True,0.252942,
known,Other,wrong_order_pair,章天寶嗣年製,天章寶嗣年製,天章寶嗣年製,substring,True,True,0.278342,
known,Other,exact_full,紹明年製,紹明年製,紹明年製,exact,True,True,0.198117,
known,Other,drop_last_char,紹明年,紹明年製,紹明年製,substring,True,True,0.156556,
known,Other,drop_first_char,明年製,紹明年製,大明年製,substring,False,False,0.153873,
known,Other,exact_full,大定年製,大定年製,大定年製,exact,True,True,0.195397,
known,Other,drop_last_char,大定年,大定年製,大定年製,substring,True,True,0.156009,
known,Other,drop_first_char,定年製,大定年製,啟定年製,substring,False,False,0.15478,
known,Other,exact_full,政隆寶應年製,政隆寶應年製,政隆寶應年製,exact,True,True,0.291225,
known,Other,short_mark,寶應年製,政隆寶應年製,寶應年製,exact,True,True,0.197153,
known,Other,drop_last_char,政隆寶應年,政隆寶應年製,政隆寶應年製,substring,True,True,0.248519,
known,Other,drop_first_char,隆寶應年製,政隆寶應年製,寶應年製,substring,True,True,0.244519,
known,Other,single_confusion,政蓬寶應年製,政隆寶應年製,寶應年製,substring,True,True,0.280644,
known,Other,wrong_order_pair,隆政寶應年製,政隆寶應年製,寶應年製,substring,True,True,0.286866,
known,Other,exact_full,天感至寶年製,天感至寶年製,天感至寶年製,exact,True,True,0.27322,
known,Other,short_mark,至寶年製,天感至寶年製,天感至寶年製,exact,True,True,0.199758,
known,Other,drop_last_char,天感至寶年,天感至寶年製,天感至寶年製,substring,True,True,0.246597,
known,Other,drop_first_char,感至寶年製,天感至寶年製,天感至寶年製,substring,True,True,0.246437,
known,Other,wrong_order_pair,感天至寶年製,天感至寶年製,天感至寶年製,substring,True,True,0.282773,
known,Other,exact_full,貞符年製,貞符年製,貞符年製,exact,True,True,0.195514,
known,Other,drop_last_char,貞符年,貞符年製,貞符年製,substring,True,True,0.158311,
known,Other,drop_first_char,符年製,貞符年製,大中祥符年製,substring,False,False,0.155933,
known,Other,exact_full,天資嘉瑞年製,天資嘉瑞年製,天資嘉瑞年製,exact,True,True,0.278996,
known,Other,short_mark,嘉瑞年製,天資嘉瑞年製,天資嘉瑞年製,exact,True,True,0.197593,
known,Other,drop_last_char,天資嘉瑞年,天資嘉瑞年製,天資嘉瑞年製,substring,True,True,0.24755,
known,Other,drop_first_char,資嘉瑞年製,天資嘉瑞年製,天資嘉瑞年製,substring,True,True,0.245525,
known,Other,wrong_order_pair,資天嘉瑞年製,天資嘉瑞年製,天資嘉瑞年製,substring,True,True,0.281403,
known,Other,exact_full,天嘉寶祐年製,天嘉寶祐年製,天嘉寶祐年製,exact,True,True,0.279493,
known,Other,short_mark,寶祐年製,天嘉寶祐年製,寶祐年製,exact,True,True,0.195452,
known,Other,drop_last_char,天嘉寶祐年,天嘉寶祐年製,天嘉寶祐年製,substring,True,True,0.250714,
known,Other,drop_first_char,嘉寶祐年製,天嘉寶祐年製,寶祐年製,substring,True,True,0.240509,
known,Other,wrong_order_pair,嘉天寶祐年製,天嘉寶祐年製,寶祐年製,substring,True,True,0.279253,
known,Other,exact_full,治平龍應年製,治平龍應年製,治平龍應年製,exact,True,True,0.278594,
known,Other,short_mark,龍應年製,治平龍應年製,治平龍應年製,exact,True,True,0.198771,
known,Other,drop_last_char,治平龍應年,治平龍應年製,龍,substring,False,True,0.249276,
known,Other,drop_first_char,平龍應年製,治平龍應年製,龍,substring,False,True,0.252836,
known,Other,single_confusion,冶平龍應年製,治平龍應年製,龍,substring,False,True,0.279458,
known,Other,wrong_order_pair,平治龍應年製,治平龍應年製,龍,substring,False,True,0.293466,
known,Other,exact_full,建嘉年製,建嘉年製,建嘉年製,exact,True,True,0.196695,
known,Other,drop_last_char,建嘉年,建嘉年製,建嘉年製,substring,True,True,0.161133,
known,Other,drop_first_char,嘉年製,建嘉年製,建嘉年製,substring,True,True,0.157612,
known,Other,exact_full,元豐年製,元豐年製,元豐年製,exact,True,True,0.217806,
known,Other,drop_last_char,元豐年,元豐年製,元豐年製,substring,True,True,0.175458,
known,Other,drop_first_char,豐年製,元豐年製,大清咸豐年製,substring,False,True,0.157914,
known,Other,exact_full,紹隆年製,紹隆年製,紹隆年製,exact,True,True,0.202324,
known,Other,drop_last_char,紹隆年,紹隆年製,紹隆年製,substring,True,True,0.156361,
known,Other,drop_first_char,隆年製,紹隆年製,大清乾隆年製,substring,False,False,0.152924,
known,Other,single_confusion,紹蓬年製,紹隆年製,紹治年製,fuzzy_tiedecision,False,False,0.23574,
known,Other,exact_full,寶符年製,寶符年製,寶符年製,exact,True,True,0.2027,
known,Other,drop_last_char,寶符年,寶符年製,寶符年製,substring,True,True,0.159094,
known,Other,drop_first_char,符年製,寶符年製,大中祥符年製,substring,False,False,0.156603,
known,Other,exact_full,重興年製,重興年製,重興年製,exact,True,True,0.198296,
known,Other,drop_last_char,重興年,重興年製,重興年製,substring,True,True,0.157843,
known,Other,drop_first_char,興年製,重興年製,景興年製,substring,False,False,0.153169,
known,Other,exact_full,大慶年製,大慶年製,大慶年製,exact,True,True,0.206671,
known,Other,drop_last_char,大慶年,大慶年製,大慶年製,substring,True,True,0.157845,
known,Other,drop_first_char,慶年製,大慶年製,大明隆慶年製,substring,False,False,0.160055,
known,Other,exact_full,紹豐年製,紹豐年製,紹豐年製,exact,True,True,0.203682,
known,Other,drop_last_char,紹豐年,紹豐年製,紹豐年製,substring,True,True,0.158759,
known,Other,drop_first_char,豐年製,紹豐年製,大清咸豐年製,substring,False,False,0.156341,
known,Other,exact_full,寶和年製,寶和年製,寶和年製,exact,True,True,0.197117,
known,Other,drop_last_char,寶和年,寶和年製,寶和年製,substring,True,True,0.156667,
known,Other,drop_first_char,和年製,寶和年製,協和年製,substring,False,False,0.154479,
known,Other,exact_full,紹慶年製,紹慶年製,紹慶年製,exact,True,True,0.196946,
known,Other,drop_last_char,紹慶年,紹慶年製,紹慶年製,substring,True,True,0.157667,
known,Other,drop_first_char,慶年製,紹慶年製,大明隆慶年製,substring,False,False,0.151891,
known,Other,exact_full,龍慶年製,龍慶年製,龍慶年製,exact,True,True,0.205161,
known,Other,drop_last_char,龍慶年,龍慶年製,龍,substring,False,True,0.158786,
known,Other,drop_first_char,慶年製,龍慶年製,大明隆慶年製,substring,False,False,0.155993,
known,Other,exact_full,昌符年製,昌符年製,昌符年製,exact,True,True,0.193582,
known,Other,drop_last_char,昌符年,昌符年製,昌符年製,substring,True,True,0.156742,
known,Other,drop_first_char,符年製,昌符年製,大中祥符年製,substring,False,False,0.159552,
known,Other,exact_full,光泰年製,光泰年製,光泰年製,exact,True,True,0.20201,
known,Other,drop_last_char,光泰年,光泰年製,光泰年製,substring,True,True,0.161224,
known,Other,drop_first_char,泰年製,光泰年製,大明景泰年製,substring,False,False,0.151404,
known,Other,single_confusion,先泰年製,光泰年製,大明景泰年製,fuzzy_tiedecision,False,True,0.218229,
known,Other,exact_full,建新年製,建新年製,建新年製,exact,True,True,0.195667,
known,Other,drop_last_char,建新年,建新年製,建新年製,substring,True,True,0.156298,
known,Other,drop_first_char,新年製,建新年製,維新年製,substring,False,True,0.156382,
known,Other,exact_full,開大年製,開大年製,開大年製,exact,True,True,0.201167,
known,Other,drop_last_char,開大年,開大年製,開大年製,substring,True,True,0.159576,
known,Other,drop_first_char,大年製,開大年製,保大年製,substring,False,False,0.15567,
known,Other,exact_full,大虞年製,大虞年製,大虞年製,exact,True,True,0.199725,
known,Other,drop_last_char,大虞年,大虞年製,大虞年製,substring,True,True,0.15881,
known,Other,drop_first_char,虞年製,大虞年製,大虞年製,substring,True,True,0.156352,
known,Other,exact_full,簡定年製,簡定年製,簡定年製,exact,True,True,0.195195,
known,Other,drop_last_char,簡定年,簡定年製,簡定年製,substring,True,True,0.155736,
known,Other,drop_first_char,定年製,簡定年製,啟定年製,substring,False,False,0.152873,
known,Other,exact_full,重光年製,重光年製,重光年製,exact,True,True,0.199214,
known,Other,drop_last_char,重光年,重光年製,重光年製,substring,True,True,0.160184,
known,Other,drop_first_char,光年製,重光年製,大清道光年製,substring,False,False,0.155336,
known,Other,single_confusion,重先年製,重光年製,重和年製,fuzzy_tiedecision,False,True,0.219943,
known,Other,exact_full,後陳年製,後陳年製,後陳年製,exact,True,True,0.20213,
known,Other,drop_last_char,後陳年,後陳年製,後陳年製,substring,True,True,0.161097,
known,Other,drop_first_char,陳年製,後陳年製,後陳年製,substring,True,True,0.160262,
known,Vietnam,exact_full,安南年製,安南年製,安南年製,exact,True,True,0.195501,
known,Vietnam,drop_last_char,安南年,安南年製,安南年製,substring,True,True,0.159698,
known,Vietnam,drop_first_char,南年製,安南年製,安南年製,substring,True,True,0.157581,
known,Vietnam,exact_full,大越年製,大越年製,大越年製,exact,True,True,0.202435,
known,Vietnam,drop_last_char,大越年,大越年製,大越年製,substring,True,True,0.156947,
known,Vietnam,drop_first_char,越年製,大越年製,吳越年製,substring,False,True,0.157228,
known,Vietnam,exact_full,國朝年製,國朝年製,國朝年製,exact,True,True,0.198218,
known,Vietnam,drop_last_char,國朝年,國朝年製,國朝年製,substring,True,True,0.163828,
known,Vietnam,drop_first_char,朝年製,國朝年製,國朝年製,substring,True,True,0.154432,
known,Vietnam,exact_full,紹平年製,紹平年製,紹平年製,exact,True,True,0.194752,
known,Vietnam,drop_last_char,紹平年,紹平年製,紹平年製,substring,True,True,0.152534,
known,Vietnam,drop_first_char,平年製,紹平年製,龍瑞太平年製,substring,False,False,0.151088,
known,Vietnam,exact_full,大寶年製,大寶年製,大寶年製,exact,True,True,0.197754,
known,Vietnam,drop_last_char,大寶年,大寶年製,大寶年製,substring,True,True,0.159965,
known,Vietnam,drop_first_char,寶年製,大寶年製,紹寶年製,substring,False,False,0.155734,
known,Vietnam,exact_full,大和年製,大和年製,大和年製,exact,True,True,0.196619,
known,Vietnam,drop_last_char,大和年,大和年製,大和年製,substring,True,True,0.156847,
known,Vietnam,drop_first_char,和年製,大和年製,協和年製,substring,False,False,0.15719,
known,Vietnam,exact_full,延寧年製,延寧年製,延寧年製,exact,True,True,0.196697,
known,Vietnam,drop_last_char,延寧年,延寧年製,延寧年製,substring,True,True,0.160171,
known,Vietnam,drop_first_char,寧年製,延寧年製,熙寧年製,substring,False,False,0.154367,
known,Vietnam,exact_full,天興年製,天興年製,天興年製,exact,True,True,0.193,
known,Vietnam,drop_last_char,天興年,天興年製,天興年製,substring,True,True,0.157981,
known,Vietnam,drop_first_char,興年製,天興年製,景興年製,substring,False,False,0.153303,
known,Vietnam,exact_full,景統年製,景統年製,景統年製,exact,True,True,0.198029,
known,Vietnam,drop_last_char,景統年,景統年製,景統年製,substring,True,True,0.157331,
known,Vietnam,drop_first_char,統年製,景統年製,大明正統年製,substring,False,False,0.165717,
known,Vietnam,exact_full,泰貞年製,泰貞年製,泰貞年製,exact,True,True,0.210009,
known,Vietnam,drop_last_char,泰貞年,泰貞年製,泰貞年製,substring,True,True,0.15867,
known,Vietnam,drop_first_char,貞年製,泰貞年製,元貞年製,substring,False,False,0.157954,
known,Vietnam,exact_full,端慶年製,端慶年製,端慶年製,exact,True,True,0.203372,
known,Vietnam,drop_last_char,端慶年,端慶年製,端慶年製,substring,True,True,0.166153,
known,Vietnam,drop_first_char,慶年製,端慶年製,大明隆慶年製,substring,False,False,0.153976,
known,Vietnam,exact_full,洪順年製,洪順年製,洪順年製,exact,True,True,0.199277,
known,Vietnam,drop_last_char,洪順年,洪順年製,洪順年製,substring,True,True,0.15938,
known,Vietnam,drop_first_char,順年製,洪順年製,大明天順年製,substring,False,False,0.154537,
known,Vietnam,exact_full,光紹年製,光紹年製,光紹年製,exact,True,True,0.203757,
known,Vietnam,drop_last_char,光紹年,光紹年製,光紹年製,substring,True,True,0.166903,
known,Vietnam,drop_first_char,紹年製,光紹年製,光紹年製,substring,True,True,0.15799,
known,Vietnam,single_confusion,先紹年製,光紹年製,先天年製,fuzzy_tiedecision,False,True,0.223926,
known,Vietnam,exact_full,統元年製,統元年製,統元年製,exact,True,True,0.197096,
known,Vietnam,drop_last_char,統元年,統元年製,統元年製,substring,True,True,0.169848,
known,Vietnam,drop_first_char,元年製,統元年製,寶元年製,substring,False,False,0.166398,
known,Vietnam,exact_full,大越洪德年製,大越洪德年製,大越洪德年製,exact,True,True,0.278981,
known,Vietnam,short_mark,洪德年製,大越洪德年製,洪德年製,exact,True,True,0.194432,
known,Vietnam,drop_last_char,大越洪德年,大越洪德年製,大越年製,substring,False,True,0.251915,
known,Vietnam,drop_first_char,越洪德年製,大越洪德年製,洪德年製,substring,True,True,0.241648,
known,Vietnam,single_confusion,大越洪徳年製,大越洪德年製,大越年製,substring,False,True,0.278752,
known,Vietnam,wrong_order_pair,越大洪德年製,大越洪德年製,洪德年製,substring,True,True,0.278526,
known,Vietnam,exact_full,大越光順年製,大越光順年製,大越光順年製,exact,True,True,0.279986,
known,Vietnam,short_mark,光順年製,大越光順年製,光順年製,exact,True,True,0.194247,
known,Vietnam,drop_last_char,大越光順年,大越光順年製,大越年製,substring,False,True,0.254541,
known,Vietnam,drop_first_char,越光順年製,大越光順年製,光順年製,substring,True,True,0.245658,
known,Vietnam,single_confusion,大越先順年製,大越光順年製,大越年製,substring,False,True,0.284846,
known,Vietnam,wrong_order_pair,越大光順年製,大越光順年製,光順年製,substring,True,True,0.285018,
known,Vietnam,exact_full,御製洪德年製,御製洪德年製,御製洪德年製,exact,True,True,0.277667,
known,Vietnam,short_mark,洪德年製,御製洪德年製,洪德年製,exact,True,True,0.196649,
known,Vietnam,drop_last_char,御製洪德年,御製洪德年製,御製,substring,False,True,0.247105,
known,Vietnam,drop_first_char,製洪德年製,御製洪德年製,洪德年製,substring,True,True,0.242176,
known,Vietnam,wrong_order_pair,製御洪德年製,御製洪德年製,洪德年製,substring,True,True,0.276439,
known,Vietnam,exact_full,國朝洪德年製,國朝洪德年製,國朝洪德年製,exact,True,True,0.277534,
known,Vietnam,short_mark,洪德年製,國朝洪德年製,洪德年製,exact,True,True,0.202915,
known,Vietnam,drop_last_char,國朝洪德年,國朝洪德年製,國朝年製,substring,False,True,0.255504,
known,Vietnam,drop_first_char,朝洪德年製,國朝洪德年製,洪德年製,substring,True,True,0.248152,
known,Vietnam,single_confusion,國朝洪徳年製,國朝洪德年製,國朝年製,substring,False,True,0.283029,
known,Vietnam,wrong_order_pair,朝國洪德年製,國朝洪德年製,洪德年製,substring,True,True,0.287329,
known,Vietnam,exact_full,國朝景統年製,國朝景統年製,國朝景統年製,exact,True,True,0.284044,
known,Vietnam,short_mark,景統年製,國朝景統年製,景統年製,exact,True,True,0.206144,
known,Vietnam,drop_last_char,國朝景統年,國朝景統年製,國朝年製,substring,False,True,0.260135,
known,Vietnam,drop_first_char,朝景統年製,國朝景統年製,景統年製,substring,True,True,0.250505,
known,Vietnam,wrong_order_pair,朝國景統年製,國朝景統年製,景統年製,substring,True,True,0.282263,
known,Vietnam,exact_full,皇朝洪德年製,皇朝洪德年製,皇朝洪德年製,exact,True,True,0.28431,
known,Vietnam,short_mark,洪德年製,皇朝洪德年製,洪德年製,exact,True,True,0.203683,
known,Vietnam,drop_last_char,皇朝洪德年,皇朝洪德年製,皇朝洪德年製,substring,True,True,0.274734,
known,Vietnam,drop_first_char,朝洪德年製,皇朝洪德年製,洪德年製,substring,True,True,0.27288,
known,Vietnam,single_confusion,皇朝洪徳年製,皇朝洪德年製,皇朝洪德年製,fuzzy,True,True,0.32888,
known,Vietnam,wrong_order_pair,朝皇洪德年製,皇朝洪德年製,洪德年製,substring,True,True,0.300583,
known,Vietnam,exact_full,慶春侍左,慶春侍左,慶春侍左,exact,True,True,0.25076,
known,Vietnam,drop_last_char,慶春侍,慶春侍左,慶春侍左,substring,True,True,0.1853,
known,Vietnam,drop_first_char,春侍左,慶春侍左,慶春侍左,substring,True,True,0.189088,
known,Vietnam,single_confusion,慶春待左,慶春侍左,慶春侍左,exact,True,True,0.247702,
unknown,Unknown,fake_no_db,天華永安年製,(unknown),永安年製,substring,False,False,0.002983,True
unknown,Unknown,fake_no_db,玄德寶光年造,(unknown),大明宣德年製,fuzzy_tiedecision,False,False,0.026325,True
unknown,Unknown,fake_no_db,春山秋月,(unknown),釜山,top1_fuzzy,False,False,0.25214,True
unknown,Unknown,fake_no_db,景和太平年製,(unknown),龍瑞太平年製,substring,False,False,0.002587,True
unknown,Unknown,fake_no_db,玉海長春,(unknown),長春,substring,False,False,0.00187,True
unknown,Unknown,fake_no_db,永福長樂年造,(unknown),福,substring,False,False,0.002184,True
unknown,Unknown,fake_no_db,玄德寶光年造,(unknown),大明宣德年製,fuzzy_tiedecision,False,False,0.03329,True
unknown,Unknown,fake_no_db,永福長樂年造,(unknown),福,substring,False,False,0.002758,True
unknown,Unknown,fake_no_db,德壽永昌,(unknown),壽,substring,False,False,0.002427,True
unknown,Unknown,fake_no_db,瑞德堂印,(unknown),慎德堂製,fuzzy,False,False,0.017486,True
unknown,Unknown,fake_no_db,清雅閣造,(unknown),清雅堂,fuzzy_tiedecision,False,False,0.018819,True
unknown,Unknown,fake_no_db,永福長樂年造,(unknown),福,substring,False,False,0.002517,True
unknown,Unknown,fake_no_db,德壽永昌,(unknown),壽,substring,False,False,0.002307,True
unknown,Unknown,fake_no_db,天寶新製,(unknown),天寶年製,fuzzy_tiedecision,False,False,0.024869,True
unknown,Unknown,fake_no_db,寶光堂製,(unknown),寶善堂,fuzzy_tiedecision,False,False,0.021013,True
unknown,Unknown,fake_no_db,玉海長春,(unknown),長春,substring,False,False,0.002374,True
unknown,Unknown,fake_no_db,雲水珍玩,(unknown),珍玩,substring,False,False,0.001891,True
unknown,Unknown,fake_no_db,寶光堂製,(unknown),寶善堂,fuzzy_tiedecision,False,False,0.022846,True
unknown,Unknown,fake_no_db,天寶新製,(unknown),天寶年製,fuzzy_tiedecision,False,False,0.022205,True
unknown,Unknown,fake_no_db,華春年造,(unknown),大明洪武年製,fuzzy_tiedecision,False,False,0.024461,True
unknown,Unknown,fake_no_db,永福長樂年造,(unknown),福,substring,False,False,0.002316,True
unknown,Unknown,fake_no_db,玄德寶光年造,(unknown),大明宣德年製,fuzzy_tiedecision,False,False,0.025741,True
unknown,Unknown,fake_no_db,寶光堂製,(unknown),寶善堂,fuzzy_tiedecision,False,False,0.021854,True
unknown,Unknown,fake_no_db,天寶新製,(unknown),天寶年製,fuzzy_tiedecision,False,False,0.022714,True
unknown,Unknown,fake_no_db,青雲龍瑞年製,(unknown),龍,substring,False,False,0.002355,True
unknown,Unknown,fake_no_db,景和太平年製,(unknown),龍瑞太平年製,substring,False,False,0.002119,True
unknown,Unknown,fake_no_db,瑞雲堂藏,(unknown),若深堂藏,fuzzy_tiedecision,False,False,0.017425,True
unknown,Unknown,fake_no_db,東山雅製,(unknown),釜山,fuzzy,False,False,0.020698,True
unknown,Unknown,fake_no_db,龍泉新造,(unknown),龍,substring,False,False,0.002544,True
unknown,Unknown,fake_no_db,清雅閣造,(unknown),清雅堂,fuzzy_tiedecision,False,False,0.019231,True
unknown,Unknown,fake_no_db,雲水珍玩,(unknown),珍玩,substring,False,False,0.001917,True
unknown,Unknown,fake_no_db,龍泉新造,(unknown),龍,substring,False,False,0.002156,True
unknown,Unknown,fake_no_db,玉堂清玩,(unknown),清玩,substring,False,False,0.00213,True
unknown,Unknown,fake_no_db,瑞雲堂藏,(unknown),若深堂藏,fuzzy_tiedecision,False,False,0.017531,True
unknown,Unknown,fake_no_db,萬瑞堂藏,(unknown),若深堂藏,fuzzy_tiedecision,False,False,0.017486,True
unknown,Unknown,fake_no_db,明月清風製,(unknown),明命年製,fuzzy_tiedecision,False,False,0.021469,True
unknown,Unknown,fake_no_db,瑞德堂印,(unknown),慎德堂製,fuzzy,False,False,0.017612,True
unknown,Unknown,fake_no_db,寶光堂製,(unknown),寶善堂,fuzzy_tiedecision,False,False,0.025753,True
unknown,Unknown,fake_no_db,玉海長春,(unknown),長春,substring,False,False,0.00345,True
unknown,Unknown,fake_no_db,寶光堂製,(unknown),寶善堂,fuzzy_tiedecision,False,False,0.021902,True
unknown,Unknown,fake_no_db,天寶新製,(unknown),天寶年製,fuzzy_tiedecision,False,False,0.024421,True
unknown,Unknown,fake_no_db,瑞雲堂藏,(unknown),若深堂藏,fuzzy_tiedecision,False,False,0.018017,True
unknown,Unknown,fake_no_db,玉堂清玩,(unknown),清玩,substring,False,False,0.001876,True
unknown,Unknown,fake_no_db,青雲龍瑞年製,(unknown),龍,substring,False,False,0.002615,True
unknown,Unknown,fake_no_db,瑞德堂印,(unknown),慎德堂製,fuzzy,False,False,0.019561,True
unknown,Unknown,fake_no_db,東山雅製,(unknown),釜山,fuzzy,False,False,0.021045,True
unknown,Unknown,fake_no_db,玄德寶光年造,(unknown),大明宣德年製,fuzzy_tiedecision,False,False,0.027131,True
unknown,Unknown,fake_no_db,青雲龍瑞年製,(unknown),龍,substring,False,False,0.002713,True
unknown,Unknown,fake_no_db,龍泉新造,(unknown),龍,substring,False,False,0.00232,True
unknown,Unknown,fake_no_db,萬瑞堂藏,(unknown),若深堂藏,fuzzy_tiedecision,False,False,0.017768,True
unknown,Unknown,fake_no_db,玉堂清玩,(unknown),清玩,substring,False,False,0.002232,True
unknown,Unknown,fake_no_db,東山雅製,(unknown),釜山,fuzzy,False,False,0.020832,True
unknown,Unknown,fake_no_db,天華永安年製,(unknown),永安年製,substring,False,False,0.003062,True
unknown,Unknown,fake_no_db,春山秋月,(unknown),釜山,top1_fuzzy,False,False,0.24229,True
unknown,Unknown,fake_no_db,天寶新製,(unknown),天寶年製,fuzzy_tiedecision,False,False,0.021612,True
unknown,Unknown,fake_no_db,瑞德堂印,(unknown),慎德堂製,fuzzy,False,False,0.017675,True
unknown,Unknown,fake_no_db,瑞德堂印,(unknown),慎德堂製,fuzzy,False,False,0.017838,True
unknown,Unknown,fake_no_db,雲水珍玩,(unknown),珍玩,substring,False,False,0.001993,True
unknown,Unknown,fake_no_db,天華永安年製,(unknown),永安年製,substring,False,False,0.003276,True
unknown,Unknown,fake_no_db,天華永安年製,(unknown),永安年製,substring,False,False,0.003287,True
unknown,Unknown,fake_no_db,明月清風製,(unknown),明命年製,fuzzy_tiedecision,False,False,0.022228,True
unknown,Unknown,fake_no_db,玉海長春,(unknown),長春,substring,False,False,0.001849,True
unknown,Unknown,fake_no_db,東山雅製,(unknown),釜山,fuzzy,False,False,0.020433,True
unknown,Unknown,fake_no_db,龍泉新造,(unknown),龍,substring,False,False,0.002525,True
unknown,Unknown,fake_no_db,天華永安年製,(unknown),永安年製,substring,False,False,0.003044,True
unknown,Unknown,fake_no_db,玉堂清玩,(unknown),清玩,substring,False,False,0.001739,True
unknown,Unknown,fake_no_db,玉堂清玩,(unknown),清玩,substring,False,False,0.0018,True
unknown,Unknown,fake_no_db,瑞雲堂藏,(unknown),若深堂藏,fuzzy_tiedecision,False,False,0.020364,True
unknown,Unknown,fake_no_db,永福長樂年造,(unknown),福,substring,False,False,0.003001,True
unknown,Unknown,fake_no_db,青雲龍瑞年製,(unknown),龍,substring,False,False,0.002309,True
unknown,Unknown,fake_no_db,青雲龍瑞年製,(unknown),龍,substring,False,False,0.002447,True
unknown,Unknown,fake_no_db,德壽永昌,(unknown),壽,substring,False,False,0.002303,True
unknown,Unknown,fake_no_db,華春年造,(unknown),大明洪武年製,fuzzy_tiedecision,False,False,0.02455,True
unknown,Unknown,fake_no_db,清雅閣造,(unknown),清雅堂,fuzzy_tiedecision,False,False,0.018977,True
unknown,Unknown,fake_no_db,清雅閣造,(unknown),清雅堂,fuzzy_tiedecision,False,False,0.019432,True
unknown,Unknown,fake_no_db,景和太平年製,(unknown),龍瑞太平年製,substring,False,False,0.002173,True
unknown,Unknown,fake_no_db,玉海長春,(unknown),長春,substring,False,False,0.002557,True
unknown,Unknown,fake_no_db,春山秋月,(unknown),釜山,top1_fuzzy,False,False,0.255367,True
unknown,Unknown,fake_no_db,明月清風製,(unknown),明命年製,fuzzy_tiedecision,False,False,0.022398,True
unknown,Unknown,fake_no_db,華春年造,(unknown),大明洪武年製,fuzzy_tiedecision,False,False,0.025255,True
unknown,Unknown,fake_no_db,明月清風製,(unknown),明命年製,fuzzy_tiedecision,False,False,0.021537,True
unknown,Unknown,fake_no_db,景和太平年製,(unknown),龍瑞太平年製,substring,False,False,0.002342,True
unknown,Unknown,fake_no_db,龍泉新造,(unknown),龍,substring,False,False,0.002307,True
unknown,Unknown,fake_no_db,雲水珍玩,(unknown),珍玩,substring,False,False,0.001782,True
unknown,Unknown,fake_no_db,華春年造,(unknown),大明洪武年製,fuzzy_tiedecision,False,False,0.026047,True
unknown,Unknown,fake_no_db,明月清風製,(unknown),明命年製,fuzzy_tiedecision,False,False,0.021871,True
unknown,Unknown,fake_no_db,萬瑞堂藏,(unknown),若深堂藏,fuzzy_tiedecision,False,False,0.01795,True
unknown,Unknown,fake_no_db,德壽永昌,(unknown),壽,substring,False,False,0.002253,True
unknown,Unknown,fake_no_db,春山秋月,(unknown),釜山,top1_fuzzy,False,False,0.256083,True
unknown,Unknown,fake_no_db,景和太平年製,(unknown),龍瑞太平年製,substring,False,False,0.002256,True
unknown,Unknown,fake_no_db,東山雅製,(unknown),釜山,fuzzy,False,False,0.020968,True
unknown,Unknown,fake_no_db,清雅閣造,(unknown),清雅堂,fuzzy_tiedecision,False,False,0.022919,True
unknown,Unknown,fake_no_db,華春年造,(unknown),大明洪武年製,fuzzy_tiedecision,False,False,0.025941,True
unknown,Unknown,fake_no_db,雲水珍玩,(unknown),珍玩,substring,False,False,0.002103,True
unknown,Unknown,fake_no_db,春山秋月,(unknown),釜山,top1_fuzzy,False,False,0.252704,True
unknown,Unknown,fake_no_db,德壽永昌,(unknown),壽,substring,False,False,0.002281,True
unknown,Unknown,fake_no_db,萬瑞堂藏,(unknown),若深堂藏,fuzzy_tiedecision,False,False,0.017582,True
unknown,Unknown,fake_no_db,瑞雲堂藏,(unknown),若深堂藏,fuzzy_tiedecision,False,False,0.016772,True
unknown,Unknown,fake_no_db,萬瑞堂藏,(unknown),若深堂藏,fuzzy_tiedecision,False,False,0.01719,True
unknown,Unknown,fake_no_db,玄德寶光年造,(unknown),大明宣德年製,fuzzy_tiedecision,False,False,0.026288,True
